시도,시군구,사고유형대분류,사고유형,발생건수,사망자수,부상자수,중상,경상,부상신고
서울,종로구,차대사람,횡단중,138,2,149,74,57,18
서울,종로구,차대사람,차도통행중,67,3,67,25,38,4
서울,종로구,차대사람,길가장자리구역통행중,44,0,47,9,31,7
서울,종로구,차대사람,보도통행중,26,0,26,6,15,5
서울,종로구,차대사람,기타,118,2,120,41,64,15
서울,종로구,차대차,정면충돌,36,1,65,13,46,6
서울,종로구,차대차,측면충돌,471,0,692,136,475,81
서울,종로구,차대차,추돌,239,1,399,52,311,36
서울,종로구,차대차,기타,114,0,131,29,88,14
서울,종로구,차량단독,전도전복,8,0,8,3,1,4
서울,종로구,차량단독,공작물충돌,9,0,12,2,8,2
서울,종로구,차량단독,주/정차차량 충돌,1,0,1,0,1,0
서울,종로구,차량단독,기타,28,0,31,11,16,4
서울,중구,차대사람,횡단중,145,9,147,83,49,15
서울,중구,차대사람,차도통행중,40,0,41,18,15,8
서울,중구,차대사람,길가장자리구역통행중,25,0,25,7,13,5
서울,중구,차대사람,보도통행중,16,0,17,5,11,1
서울,중구,차대사람,기타,119,2,127,43,63,21
서울,중구,차대차,정면충돌,16,0,23,6,14,3
서울,중구,차대차,측면충돌,460,4,673,140,480,53
서울,중구,차대차,추돌,263,2,404,64,291,49
서울,중구,차대차,기타,167,0,221,69,132,20
서울,중구,차량단독,전도전복,7,0,8,3,3,2
서울,중구,차량단독,공작물충돌,8,0,8,2,5,1
서울,중구,차량단독,기타,22,0,22,7,13,2
서울,용산구,차대사람,횡단중,148,7,153,67,80,6
서울,용산구,차대사람,차도통행중,3,0,3,2,0,1
서울,용산구,차대사람,길가장자리구역통행중,31,0,31,9,20,2
서울,용산구,차대사람,보도통행중,7,0,7,2,4,1
서울,용산구,차대사람,기타,113,1,119,39,65,15
서울,용산구,차대차,정면충돌,194,1,327,77,223,27
서울,용산구,차대차,측면충돌,358,0,525,97,375,53
서울,용산구,차대차,추돌,299,1,532,84,411,37
서울,용산구,차대차,기타,228,1,320,65,240,15
서울,용산구,차량단독,전도전복,15,1,16,5,11,0
서울,용산구,차량단독,공작물충돌,13,0,16,5,10,1
서울,용산구,차량단독,기타,19,0,20,6,9,5
서울,성동구,차대사람,횡단중,120,4,120,60,48,12
서울,성동구,차대사람,차도통행중,17,0,17,3,6,8
서울,성동구,차대사람,길가장자리구역통행중,20,1,19,8,7,4
서울,성동구,차대사람,보도통행중,18,1,18,6,9,3
서울,성동구,차대사람,기타,106,3,109,41,46,22
서울,성동구,차대차,정면충돌,49,1,80,35,37,8
서울,성동구,차대차,측면충돌,341,1,488,124,286,78
서울,성동구,차대차,추돌,182,0,356,42,272,42
서울,성동구,차대차,기타,204,0,285,69,175,41
서울,성동구,차량단독,전도전복,15,2,17,9,4,4
서울,성동구,차량단독,공작물충돌,12,0,18,11,2,5
서울,성동구,차량단독,기타,15,2,14,3,8,3
서울,동대문구,차대사람,횡단중,314,7,323,165,143,15
서울,동대문구,차대사람,차도통행중,32,0,34,15,18,1
서울,동대문구,차대사람,길가장자리구역통행중,39,1,41,14,26,1
서울,동대문구,차대사람,보도통행중,12,0,13,3,10,0
서울,동대문구,차대사람,기타,187,0,192,59,117,16
서울,동대문구,차대차,정면충돌,244,2,345,77,237,31
서울,동대문구,차대차,측면충돌,549,0,715,183,445,87
서울,동대문구,차대차,추돌,259,2,482,93,348,41
서울,동대문구,차대차,기타,355,1,421,84,279,58
서울,동대문구,차량단독,전도전복,27,1,28,6,18,4
서울,동대문구,차량단독,공작물충돌,4,0,6,0,6,0
서울,동대문구,차량단독,기타,29,0,29,13,12,4
서울,성북구,차대사람,횡단중,269,5,283,125,152,6
서울,성북구,차대사람,차도통행중,63,0,66,29,36,1
서울,성북구,차대사람,길가장자리구역통행중,51,0,53,10,40,3
서울,성북구,차대사람,보도통행중,12,0,12,6,6,0
서울,성북구,차대사람,기타,87,2,86,29,54,3
서울,성북구,차대차,정면충돌,59,0,87,30,54,3
서울,성북구,차대차,측면충돌,570,3,789,169,571,49
서울,성북구,차대차,추돌,303,0,492,53,415,24
서울,성북구,차대차,기타,142,0,171,33,129,9
서울,성북구,차량단독,전도전복,12,1,12,2,6,4
서울,성북구,차량단독,공작물충돌,19,2,20,6,11,3
서울,성북구,차량단독,기타,31,0,35,8,26,1
서울,도봉구,차대사람,횡단중,141,4,145,90,51,4
서울,도봉구,차대사람,차도통행중,23,3,20,2,17,1
서울,도봉구,차대사람,길가장자리구역통행중,18,0,19,6,11,2
서울,도봉구,차대사람,보도통행중,12,0,13,3,9,1
서울,도봉구,차대사람,기타,104,2,109,37,57,15
서울,도봉구,차대차,정면충돌,48,0,81,20,56,5
서울,도봉구,차대차,측면충돌,286,1,431,112,240,79
서울,도봉구,차대차,추돌,174,0,295,38,213,44
서울,도봉구,차대차,기타,113,1,159,35,109,15
서울,도봉구,차량단독,전도전복,7,0,8,3,0,5
서울,도봉구,차량단독,공작물충돌,3,0,4,2,1,1
서울,도봉구,차량단독,기타,20,0,22,7,11,4
서울,은평구,차대사람,횡단중,177,5,184,100,78,6
서울,은평구,차대사람,차도통행중,40,0,42,23,15,4
서울,은평구,차대사람,길가장자리구역통행중,14,0,14,4,8,2
서울,은평구,차대사람,보도통행중,27,0,27,10,16,1
서울,은평구,차대사람,기타,136,3,148,58,78,12
서울,은평구,차대차,정면충돌,17,0,29,7,20,2
서울,은평구,차대차,측면충돌,356,2,554,126,367,61
서울,은평구,차대차,추돌,177,0,290,43,224,23
서울,은평구,차대차,기타,135,2,174,49,99,26
서울,은평구,차량단독,전도전복,6,0,7,4,3,0
서울,은평구,차량단독,공작물충돌,11,2,16,3,11,2
서울,은평구,차량단독,도로이탈,1,0,1,0,1,0
서울,은평구,차량단독,기타,24,0,32,6,19,7
서울,서대문구,차대사람,횡단중,104,6,109,55,44,10
서울,서대문구,차대사람,차도통행중,67,2,70,31,32,7
서울,서대문구,차대사람,길가장자리구역통행중,9,1,8,0,7,1
서울,서대문구,차대사람,보도통행중,12,0,12,4,7,1
서울,서대문구,차대사람,기타,122,2,123,37,75,11
서울,서대문구,차대차,정면충돌,86,0,129,30,80,19
서울,서대문구,차대차,측면충돌,313,2,478,86,309,83
서울,서대문구,차대차,추돌,248,0,422,57,329,36
서울,서대문구,차대차,기타,120,1,153,44,90,19
서울,서대문구,차량단독,전도전복,8,0,9,5,0,4
서울,서대문구,차량단독,공작물충돌,11,0,11,3,5,3
서울,서대문구,차량단독,도로이탈,1,0,1,1,0,0
서울,서대문구,차량단독,기타,34,0,41,12,22,7
서울,마포구,차대사람,횡단중,159,3,167,78,74,15
서울,마포구,차대사람,차도통행중,96,4,101,44,51,6
서울,마포구,차대사람,길가장자리구역통행중,29,0,30,9,20,1
서울,마포구,차대사람,보도통행중,19,0,19,7,11,1
서울,마포구,차대사람,기타,134,1,138,38,77,23
서울,마포구,차대차,정면충돌,174,4,270,85,157,28
서울,마포구,차대차,측면충돌,535,1,839,156,596,87
서울,마포구,차대차,추돌,405,0,742,104,587,51
서울,마포구,차대차,기타,159,0,229,44,161,24
서울,마포구,차량단독,전도전복,13,0,19,8,10,1
서울,마포구,차량단독,공작물충돌,12,1,12,5,6,1
서울,마포구,차량단독,도로이탈,1,0,1,1,0,0
서울,마포구,차량단독,기타,32,1,38,8,25,5
서울,강서구,차대사람,횡단중,281,4,293,134,133,26
서울,강서구,차대사람,차도통행중,38,1,39,17,15,7
서울,강서구,차대사람,길가장자리구역통행중,13,0,13,3,10,0
서울,강서구,차대사람,보도통행중,11,0,11,2,8,1
서울,강서구,차대사람,기타,128,1,133,31,80,22
서울,강서구,차대차,정면충돌,218,1,333,69,226,38
서울,강서구,차대차,측면충돌,394,3,549,96,404,49
서울,강서구,차대차,추돌,194,1,316,39,254,23
서울,강서구,차대차,기타,333,1,440,61,342,37
서울,강서구,차량단독,전도전복,17,1,17,7,8,2
서울,강서구,차량단독,공작물충돌,7,0,9,5,3,1
서울,강서구,차량단독,기타,57,0,77,20,53,4
서울,구로구,차대사람,횡단중,171,3,184,97,80,7
서울,구로구,차대사람,차도통행중,61,0,66,33,28,5
서울,구로구,차대사람,길가장자리구역통행중,22,0,22,9,12,1
서울,구로구,차대사람,보도통행중,23,0,27,9,15,3
서울,구로구,차대사람,기타,158,2,161,62,81,18
서울,구로구,차대차,정면충돌,48,1,70,25,38,7
서울,구로구,차대차,측면충돌,398,0,618,148,413,57
서울,구로구,차대차,추돌,300,1,544,79,426,39
서울,구로구,차대차,기타,284,2,392,97,269,26
서울,구로구,차량단독,전도전복,3,0,3,0,3,0
서울,구로구,차량단독,공작물충돌,14,0,21,6,13,2
서울,구로구,차량단독,주/정차차량 충돌,1,0,1,0,1,0
서울,구로구,차량단독,기타,28,0,30,5,22,3
서울,영등포구,차대사람,횡단중,271,4,284,138,130,16
서울,영등포구,차대사람,차도통행중,42,2,48,18,26,4
서울,영등포구,차대사람,길가장자리구역통행중,58,0,59,11,39,9
서울,영등포구,차대사람,보도통행중,26,0,30,8,18,4
서울,영등포구,차대사람,기타,134,2,138,37,83,18
서울,영등포구,차대차,정면충돌,67,3,109,29,69,11
서울,영등포구,차대차,측면충돌,841,7,1247,242,881,124
서울,영등포구,차대차,추돌,523,2,922,113,739,70
서울,영등포구,차대차,기타,346,0,482,85,345,52
서울,영등포구,차량단독,전도전복,27,2,31,10,16,5
서울,영등포구,차량단독,공작물충돌,13,0,63,8,46,9
서울,영등포구,차량단독,기타,55,0,60,14,35,11
서울,동작구,차대사람,횡단중,201,6,212,100,100,12
서울,동작구,차대사람,차도통행중,21,1,20,5,14,1
서울,동작구,차대사람,길가장자리구역통행중,83,0,85,20,57,8
서울,동작구,차대사람,보도통행중,16,0,17,4,9,4
서울,동작구,차대사람,기타,135,0,139,44,85,10
서울,동작구,차대차,정면충돌,39,1,82,21,45,16
서울,동작구,차대차,측면충돌,456,3,675,112,485,78
서울,동작구,차대차,추돌,368,5,612,78,491,43
서울,동작구,차대차,기타,97,2,128,30,88,10
서울,동작구,차량단독,전도전복,6,0,7,1,4,2
서울,동작구,차량단독,공작물충돌,19,0,22,3,17,2
서울,동작구,차량단독,기타,30,1,29,10,16,3
서울,관악구,차대사람,횡단중,162,1,177,94,72,11
서울,관악구,차대사람,차도통행중,45,2,47,19,25,3
서울,관악구,차대사람,길가장자리구역통행중,39,3,36,14,17,5
서울,관악구,차대사람,보도통행중,26,1,32,12,17,3
서울,관악구,차대사람,기타,152,6,154,34,106,14
서울,관악구,차대차,정면충돌,27,3,42,9,31,2
서울,관악구,차대차,측면충돌,416,1,589,142,391,56
서울,관악구,차대차,추돌,231,1,377,57,302,18
서울,관악구,차대차,기타,259,0,359,54,270,35
서울,관악구,차량단독,전도전복,12,1,14,4,8,2
서울,관악구,차량단독,공작물충돌,8,0,32,4,27,1
서울,관악구,차량단독,기타,31,0,36,11,23,2
서울,강남구,차대사람,횡단중,206,3,222,87,111,24
서울,강남구,차대사람,차도통행중,85,0,88,37,43,8
서울,강남구,차대사람,길가장자리구역통행중,93,0,98,20,58,20
서울,강남구,차대사람,보도통행중,68,0,74,27,41,6
서울,강남구,차대사람,기타,424,0,451,104,283,64
서울,강남구,차대차,정면충돌,83,1,130,35,82,13
서울,강남구,차대차,측면충돌,817,6,1193,249,772,172
서울,강남구,차대차,추돌,962,0,1663,272,1245,146
서울,강남구,차대차,기타,1021,1,1435,233,1024,178
서울,강남구,차량단독,전도전복,3,0,3,3,0,0
서울,강남구,차량단독,공작물충돌,18,0,38,9,20,9
서울,강남구,차량단독,도로이탈,1,0,1,0,0,1
서울,강남구,차량단독,기타,47,1,49,15,28,6
서울,강동구,차대사람,횡단중,235,7,238,115,100,23
서울,강동구,차대사람,차도통행중,17,1,16,6,9,1
서울,강동구,차대사람,길가장자리구역통행중,17,0,17,7,9,1
서울,강동구,차대사람,보도통행중,12,0,12,3,6,3
서울,강동구,차대사람,기타,145,3,147,38,95,14
서울,강동구,차대차,정면충돌,53,0,86,27,50,9
서울,강동구,차대차,측면충돌,319,1,472,119,304,49
서울,강동구,차대차,추돌,204,0,375,75,285,15
서울,강동구,차대차,기타,383,3,552,104,389,59
서울,강동구,차량단독,전도전복,5,1,4,1,2,1
서울,강동구,차량단독,공작물충돌,9,1,8,2,5,1
서울,강동구,차량단독,도로이탈,1,0,1,1,0,0
서울,강동구,차량단독,기타,26,0,29,16,11,2
서울,송파구,차대사람,횡단중,342,5,362,145,182,35
서울,송파구,차대사람,차도통행중,37,0,40,13,25,2
서울,송파구,차대사람,길가장자리구역통행중,61,0,65,22,33,10
서울,송파구,차대사람,보도통행중,31,0,34,13,16,5
서울,송파구,차대사람,기타,141,3,153,55,82,16
서울,송파구,차대차,정면충돌,269,2,406,96,250,60
서울,송파구,차대차,측면충돌,1048,1,1576,315,999,262
서울,송파구,차대차,추돌,440,1,745,88,573,84
서울,송파구,차대차,기타,138,1,166,35,103,28
서울,송파구,차량단독,전도전복,36,1,38,14,14,10
서울,송파구,차량단독,공작물충돌,10,0,13,0,7,6
서울,송파구,차량단독,주/정차차량 충돌,1,0,1,0,1,0
서울,송파구,차량단독,기타,44,0,47,16,23,8
서울,서초구,차대사람,횡단중,110,3,112,57,46,9
서울,서초구,차대사람,차도통행중,73,1,77,30,37,10
서울,서초구,차대사람,길가장자리구역통행중,45,0,47,15,27,5
서울,서초구,차대사람,보도통행중,42,1,42,11,27,4
서울,서초구,차대사람,기타,191,4,196,54,122,20
서울,서초구,차대차,정면충돌,81,1,126,34,76,16
서울,서초구,차대차,측면충돌,611,0,888,165,650,73
서울,서초구,차대차,추돌,675,2,1268,202,898,168
서울,서초구,차대차,기타,407,3,625,99,435,91
서울,서초구,차량단독,전도전복,9,0,10,2,2,6
서울,서초구,차량단독,공작물충돌,24,1,36,10,24,2
서울,서초구,차량단독,기타,45,0,46,14,25,7
서울,양천구,차대사람,횡단중,150,4,153,65,77,11
서울,양천구,차대사람,차도통행중,54,2,54,24,25,5
서울,양천구,차대사람,길가장자리구역통행중,46,0,47,14,32,1
서울,양천구,차대사람,보도통행중,17,0,17,5,11,1
서울,양천구,차대사람,기타,139,0,144,51,76,17
서울,양천구,차대차,정면충돌,51,1,77,21,47,9
서울,양천구,차대차,측면충돌,434,2,633,107,457,69
서울,양천구,차대차,추돌,262,1,467,75,358,34
서울,양천구,차대차,기타,298,0,417,61,301,55
서울,양천구,차량단독,전도전복,10,0,11,4,3,4
서울,양천구,차량단독,공작물충돌,8,1,11,3,7,1
서울,양천구,차량단독,기타,24,1,25,8,16,1
서울,중랑구,차대사람,횡단중,129,3,142,52,83,7
서울,중랑구,차대사람,차도통행중,97,4,100,45,51,4
서울,중랑구,차대사람,길가장자리구역통행중,15,0,15,4,11,0
서울,중랑구,차대사람,보도통행중,8,0,8,3,5,0
서울,중랑구,차대사람,기타,176,1,188,65,101,22
서울,중랑구,차대차,정면충돌,66,0,100,26,62,12
서울,중랑구,차대차,측면충돌,494,0,691,131,469,91
서울,중랑구,차대차,추돌,290,0,470,58,373,39
서울,중랑구,차대차,기타,220,0,275,48,182,45
서울,중랑구,차량단독,전도전복,10,0,11,3,4,4
서울,중랑구,차량단독,공작물충돌,6,1,6,0,5,1
서울,중랑구,차량단독,주/정차차량 충돌,1,0,1,0,0,1
서울,중랑구,차량단독,기타,23,0,23,5,16,2
서울,노원구,차대사람,횡단중,241,4,257,120,120,17
서울,노원구,차대사람,차도통행중,32,0,33,12,20,1
서울,노원구,차대사람,길가장자리구역통행중,20,0,22,7,12,3
서울,노원구,차대사람,보도통행중,24,0,24,8,14,2
서울,노원구,차대사람,기타,70,2,76,21,41,14
서울,노원구,차대차,정면충돌,51,2,80,24,53,3
서울,노원구,차대차,측면충돌,520,3,766,172,488,106
서울,노원구,차대차,추돌,337,1,638,102,482,54
서울,노원구,차대차,기타,189,0,261,50,183,28
서울,노원구,차량단독,전도전복,16,1,17,8,6,3
서울,노원구,차량단독,공작물충돌,8,0,11,2,4,5
서울,노원구,차량단독,도로이탈,1,0,1,1,0,0
서울,노원구,차량단독,기타,26,0,30,6,23,1
서울,광진구,차대사람,횡단중,116,4,115,66,45,4
서울,광진구,차대사람,차도통행중,30,0,31,6,24,1
서울,광진구,차대사람,길가장자리구역통행중,11,0,11,3,8,0
서울,광진구,차대사람,보도통행중,12,0,15,4,10,1
서울,광진구,차대사람,기타,125,0,131,61,61,9
서울,광진구,차대차,정면충돌,33,1,59,15,41,3
서울,광진구,차대차,측면충돌,255,1,403,117,266,20
서울,광진구,차대차,추돌,201,0,341,51,277,13
서울,광진구,차대차,기타,220,0,313,70,215,28
서울,광진구,차량단독,전도전복,10,2,9,2,7,0
서울,광진구,차량단독,공작물충돌,12,1,14,4,9,1
서울,광진구,차량단독,기타,20,0,24,7,14,3
서울,강북구,차대사람,횡단중,185,6,196,94,92,10
서울,강북구,차대사람,차도통행중,14,0,15,3,10,2
서울,강북구,차대사람,길가장자리구역통행중,26,0,28,8,19,1
서울,강북구,차대사람,보도통행중,12,0,15,9,6,0
서울,강북구,차대사람,기타,161,2,165,67,87,11
서울,강북구,차대차,정면충돌,76,1,133,39,83,11
서울,강북구,차대차,측면충돌,400,2,544,105,397,42
서울,강북구,차대차,추돌,175,2,324,43,249,32
서울,강북구,차대차,기타,132,0,205,41,153,11
서울,강북구,차량단독,전도전복,10,2,9,2,7,0
서울,강북구,차량단독,공작물충돌,5,0,8,1,7,0
서울,강북구,차량단독,주/정차차량 충돌,1,0,2,2,0,0
서울,강북구,차량단독,기타,30,0,34,10,21,3
서울,금천구,차대사람,횡단중,135,6,141,61,73,7
서울,금천구,차대사람,차도통행중,17,0,17,9,7,1
서울,금천구,차대사람,길가장자리구역통행중,12,0,15,9,3,3
서울,금천구,차대사람,보도통행중,9,0,10,2,7,1
서울,금천구,차대사람,기타,78,3,77,31,39,7
서울,금천구,차대차,정면충돌,24,0,35,3,29,3
서울,금천구,차대차,측면충돌,262,6,377,66,291,20
서울,금천구,차대차,추돌,133,0,271,33,223,15
서울,금천구,차대차,기타,105,0,161,23,129,9
서울,금천구,차량단독,전도전복,6,0,7,2,4,1
서울,금천구,차량단독,공작물충돌,3,0,4,0,3,1
서울,금천구,차량단독,주/정차차량 충돌,1,0,2,0,2,0
서울,금천구,차량단독,도로이탈,1,0,1,0,1,0
서울,금천구,차량단독,기타,13,0,15,3,12,0
부산,중구,차대사람,횡단중,37,0,39,21,16,2
부산,중구,차대사람,차도통행중,15,0,16,9,7,0
부산,중구,차대사람,길가장자리구역통행중,10,0,10,7,1,2
부산,중구,차대사람,보도통행중,7,0,7,4,3,0
부산,중구,차대사람,기타,40,2,38,16,20,2
부산,중구,차대차,정면충돌,15,0,23,9,14,0
부산,중구,차대차,측면충돌,119,1,168,42,105,21
부산,중구,차대차,추돌,32,0,54,17,33,4
부산,중구,차대차,기타,44,1,70,13,56,1
부산,중구,차량단독,전도전복,2,0,2,2,0,0
부산,중구,차량단독,공작물충돌,1,1,0,0,0,0
부산,중구,차량단독,기타,6,0,9,3,6,0
부산,서구,차대사람,횡단중,57,2,56,29,25,2
부산,서구,차대사람,차도통행중,13,1,12,7,5,0
부산,서구,차대사람,길가장자리구역통행중,23,0,24,10,14,0
부산,서구,차대사람,보도통행중,7,0,12,6,6,0
부산,서구,차대사람,기타,42,1,42,23,18,1
부산,서구,차대차,정면충돌,15,0,27,11,14,2
부산,서구,차대차,측면충돌,130,0,199,67,117,15
부산,서구,차대차,추돌,74,0,125,22,86,17
부산,서구,차대차,기타,54,0,81,27,51,3
부산,서구,차량단독,전도전복,4,0,4,1,2,1
부산,서구,차량단독,공작물충돌,4,0,6,1,4,1
부산,서구,차량단독,기타,17,0,21,6,15,0
부산,동구,차대사람,횡단중,66,2,64,39,23,2
부산,동구,차대사람,차도통행중,6,0,6,3,3,0
부산,동구,차대사람,길가장자리구역통행중,7,0,7,2,5,0
부산,동구,차대사람,보도통행중,4,0,4,1,3,0
부산,동구,차대사람,기타,87,1,93,34,51,8
부산,동구,차대차,정면충돌,5,0,6,2,3,1
부산,동구,차대차,측면충돌,159,0,232,61,159,12
부산,동구,차대차,추돌,53,0,89,22,64,3
부산,동구,차대차,기타,119,0,169,47,102,20
부산,동구,차량단독,전도전복,1,0,2,1,1,0
부산,동구,차량단독,기타,17,0,17,8,7,2
부산,영도구,차대사람,횡단중,73,3,73,45,26,2
부산,영도구,차대사람,차도통행중,3,0,3,3,0,0
부산,영도구,차대사람,길가장자리구역통행중,4,0,5,2,3,0
부산,영도구,차대사람,보도통행중,3,0,3,1,2,0
부산,영도구,차대사람,기타,37,1,37,18,17,2
부산,영도구,차대차,측면충돌,65,0,94,26,62,6
부산,영도구,차대차,추돌,88,0,134,35,92,7
부산,영도구,차대차,기타,51,1,63,16,46,1
부산,영도구,차량단독,전도전복,5,0,8,2,6,0
부산,영도구,차량단독,공작물충돌,5,0,6,2,2,2
부산,영도구,차량단독,도로이탈,1,0,1,0,1,0
부산,영도구,차량단독,기타,7,0,9,3,4,2
부산,부산진구,차대사람,횡단중,247,6,255,152,91,12
부산,부산진구,차대사람,차도통행중,13,0,13,8,5,0
부산,부산진구,차대사람,길가장자리구역통행중,21,0,21,8,13,0
부산,부산진구,차대사람,보도통행중,13,2,12,7,5,0
부산,부산진구,차대사람,기타,210,3,216,99,105,12
부산,부산진구,차대차,정면충돌,49,1,68,25,39,4
부산,부산진구,차대차,측면충돌,433,2,650,207,373,70
부산,부산진구,차대차,추돌,172,0,277,52,200,25
부산,부산진구,차대차,기타,288,1,392,107,250,35
부산,부산진구,차량단독,전도전복,4,0,7,5,2,0
부산,부산진구,차량단독,공작물충돌,6,0,7,2,4,1
부산,부산진구,차량단독,기타,25,1,24,10,7,7
부산,동래구,차대사람,횡단중,64,0,72,40,29,3
부산,동래구,차대사람,차도통행중,144,2,146,79,59,8
부산,동래구,차대사람,길가장자리구역통행중,37,1,37,10,21,6
부산,동래구,차대사람,보도통행중,46,0,47,23,24,0
부산,동래구,차대사람,기타,60,0,61,14,38,9
부산,동래구,차대차,정면충돌,20,0,30,12,13,5
부산,동래구,차대차,측면충돌,372,4,522,153,320,49
부산,동래구,차대차,추돌,233,0,392,86,283,23
부산,동래구,차대차,기타,56,0,64,15,42,7
부산,동래구,차량단독,전도전복,8,1,9,2,6,1
부산,동래구,차량단독,공작물충돌,3,0,6,1,1,4
부산,동래구,차량단독,기타,13,0,14,12,2,0
부산,남구,차대사람,횡단중,94,4,92,56,36,0
부산,남구,차대사람,차도통행중,56,3,55,27,26,2
부산,남구,차대사람,길가장자리구역통행중,30,0,31,11,19,1
부산,남구,차대사람,보도통행중,2,0,2,1,1,0
부산,남구,차대사람,기타,77,0,80,30,44,6
부산,남구,차대차,정면충돌,34,1,57,21,35,1
부산,남구,차대차,측면충돌,239,0,333,90,199,44
부산,남구,차대차,추돌,150,4,251,45,188,18
부산,남구,차대차,기타,127,0,180,55,108,17
부산,남구,차량단독,전도전복,11,1,13,9,4,0
부산,남구,차량단독,공작물충돌,4,0,4,2,2,0
부산,남구,차량단독,기타,9,0,9,4,5,0
부산,북구,차대사람,횡단중,109,6,112,61,46,5
부산,북구,차대사람,차도통행중,6,0,6,4,0,2
부산,북구,차대사람,길가장자리구역통행중,8,0,8,1,7,0
부산,북구,차대사람,보도통행중,2,0,3,2,1,0
부산,북구,차대사람,기타,108,1,111,43,57,11
부산,북구,차대차,정면충돌,26,1,34,10,23,1
부산,북구,차대차,측면충돌,176,0,251,66,170,15
부산,북구,차대차,추돌,184,0,314,68,235,11
부산,북구,차대차,기타,137,2,179,47,111,21
부산,북구,차량단독,전도전복,4,0,5,1,4,0
부산,북구,차량단독,공작물충돌,8,2,9,7,1,1
부산,북구,차량단독,기타,25,1,25,11,11,3
부산,해운대구,차대사람,횡단중,193,3,205,118,72,15
부산,해운대구,차대사람,차도통행중,8,0,10,5,5,0
부산,해운대구,차대사람,길가장자리구역통행중,11,1,10,3,6,1
부산,해운대구,차대사람,보도통행중,10,0,10,8,2,0
부산,해운대구,차대사람,기타,106,2,109,41,55,13
부산,해운대구,차대차,정면충돌,54,0,85,39,45,1
부산,해운대구,차대차,측면충돌,366,0,539,107,346,86
부산,해운대구,차대차,추돌,223,5,423,87,300,36
부산,해운대구,차대차,기타,243,1,368,72,278,18
부산,해운대구,차량단독,전도전복,11,0,12,3,4,5
부산,해운대구,차량단독,공작물충돌,19,0,27,11,10,6
부산,해운대구,차량단독,주/정차차량 충돌,3,0,3,1,0,2
부산,해운대구,차량단독,기타,23,0,28,10,14,4
부산,사하구,차대사람,횡단중,141,1,156,71,71,14
부산,사하구,차대사람,차도통행중,2,0,2,2,0,0
부산,사하구,차대사람,길가장자리구역통행중,13,1,12,6,6,0
부산,사하구,차대사람,보도통행중,1,0,1,0,1,0
부산,사하구,차대사람,기타,134,3,136,71,60,5
부산,사하구,차대차,정면충돌,29,0,39,15,23,1
부산,사하구,차대차,측면충돌,271,2,399,120,242,37
부산,사하구,차대차,추돌,117,3,224,46,164,14
부산,사하구,차대차,기타,306,5,472,109,318,45
부산,사하구,차량단독,전도전복,10,0,13,8,3,2
부산,사하구,차량단독,공작물충돌,10,1,10,4,3,3
부산,사하구,차량단독,도로이탈,1,1,0,0,0,0
부산,사하구,차량단독,기타,24,0,25,9,14,2
부산,금정구,차대사람,횡단중,171,2,181,100,69,12
부산,금정구,차대사람,차도통행중,49,0,54,19,32,3
부산,금정구,차대사람,길가장자리구역통행중,25,0,28,6,16,6
부산,금정구,차대사람,보도통행중,9,1,9,5,3,1
부산,금정구,차대사람,기타,48,4,47,23,19,5
부산,금정구,차대차,정면충돌,23,1,30,12,13,5
부산,금정구,차대차,측면충돌,276,1,409,110,238,61
부산,금정구,차대차,추돌,146,0,306,69,188,49
부산,금정구,차대차,기타,70,0,98,36,55,7
부산,금정구,차량단독,전도전복,14,0,28,12,7,9
부산,금정구,차량단독,공작물충돌,10,2,16,5,8,3
부산,금정구,차량단독,기타,5,0,9,5,3,1
부산,강서구,차대사람,횡단중,12,1,12,5,7,0
부산,강서구,차대사람,차도통행중,18,3,16,8,8,0
부산,강서구,차대사람,길가장자리구역통행중,4,0,4,3,0,1
부산,강서구,차대사람,보도통행중,2,0,2,1,1,0
부산,강서구,차대사람,기타,11,2,9,5,3,1
부산,강서구,차대차,정면충돌,20,0,29,11,17,1
부산,강서구,차대차,측면충돌,218,1,304,124,169,11
부산,강서구,차대차,추돌,163,4,264,84,163,17
부산,강서구,차대차,기타,48,1,65,18,42,5
부산,강서구,차량단독,전도전복,4,2,3,2,1,0
부산,강서구,차량단독,공작물충돌,4,1,4,4,0,0
부산,강서구,차량단독,기타,2,0,3,0,1,2
부산,연제구,차대사람,횡단중,81,1,82,41,40,1
부산,연제구,차대사람,차도통행중,77,3,78,38,36,4
부산,연제구,차대사람,길가장자리구역통행중,32,0,34,10,21,3
부산,연제구,차대사람,보도통행중,5,0,5,2,3,0
부산,연제구,차대사람,기타,28,1,29,12,15,2
부산,연제구,차대차,정면충돌,9,0,14,6,8,0
부산,연제구,차대차,측면충돌,232,0,332,95,217,20
부산,연제구,차대차,추돌,107,0,179,31,135,13
부산,연제구,차대차,기타,31,2,36,5,30,1
부산,연제구,차량단독,전도전복,1,0,1,1,0,0
부산,연제구,차량단독,공작물충돌,1,0,1,0,0,1
부산,연제구,차량단독,기타,4,0,7,3,4,0
부산,수영구,차대사람,횡단중,71,1,76,37,35,4
부산,수영구,차대사람,차도통행중,39,2,39,22,15,2
부산,수영구,차대사람,길가장자리구역통행중,30,0,31,9,19,3
부산,수영구,차대사람,보도통행중,6,0,6,1,5,0
부산,수영구,차대사람,기타,52,1,53,19,27,7
부산,수영구,차대차,정면충돌,14,1,19,7,9,3
부산,수영구,차대차,측면충돌,227,2,323,96,206,21
부산,수영구,차대차,추돌,133,0,216,26,166,24
부산,수영구,차대차,기타,95,0,125,22,98,5
부산,수영구,차량단독,전도전복,3,0,4,4,0,0
부산,수영구,차량단독,기타,10,0,21,5,14,2
부산,사상구,차대사람,횡단중,115,5,117,65,47,5
부산,사상구,차대사람,차도통행중,23,0,24,14,10,0
부산,사상구,차대사람,길가장자리구역통행중,29,0,31,9,20,2
부산,사상구,차대사람,보도통행중,11,0,16,6,9,1
부산,사상구,차대사람,기타,67,1,71,34,33,4
부산,사상구,차대차,정면충돌,31,0,58,11,35,12
부산,사상구,차대차,측면충돌,411,3,651,161,403,87
부산,사상구,차대차,추돌,221,3,375,70,262,43
부산,사상구,차대차,기타,63,0,76,18,40,18
부산,사상구,차량단독,전도전복,6,1,7,3,1,3
부산,사상구,차량단독,공작물충돌,8,0,14,3,7,4
부산,사상구,차량단독,도로이탈,2,1,4,2,1,1
부산,사상구,차량단독,기타,12,0,13,5,7,1
부산,기장군,차대사람,횡단중,43,2,47,17,29,1
부산,기장군,차대사람,차도통행중,3,0,4,1,3,0
부산,기장군,차대사람,길가장자리구역통행중,6,0,6,3,3,0
부산,기장군,차대사람,보도통행중,2,0,2,2,0,0
부산,기장군,차대사람,기타,28,1,27,9,15,3
부산,기장군,차대차,정면충돌,4,0,6,1,5,0
부산,기장군,차대차,측면충돌,158,1,237,55,163,19
부산,기장군,차대차,추돌,100,0,174,51,110,13
부산,기장군,차대차,기타,60,0,91,18,60,13
부산,기장군,차량단독,전도전복,12,2,21,12,5,4
부산,기장군,차량단독,공작물충돌,4,2,25,0,25,0
부산,기장군,차량단독,도로이탈,1,1,0,0,0,0
부산,기장군,차량단독,기타,6,0,6,1,4,1
경기,수원시,차대사람,횡단중,654,22,664,286,341,37
경기,수원시,차대사람,차도통행중,66,3,67,23,38,6
경기,수원시,차대사람,길가장자리구역통행중,67,0,68,13,50,5
경기,수원시,차대사람,보도통행중,33,0,33,13,18,2
경기,수원시,차대사람,기타,331,4,353,118,206,29
경기,수원시,차대차,정면충돌,300,0,496,110,351,35
경기,수원시,차대차,측면충돌,1451,3,2295,398,1680,217
경기,수원시,차대차,추돌,1058,4,1890,209,1557,124
경기,수원시,차대차,기타,998,7,1437,225,1107,105
경기,수원시,차량단독,전도전복,33,2,40,12,18,10
경기,수원시,차량단독,공작물충돌,24,3,24,10,11,3
경기,수원시,차량단독,주/정차차량 충돌,1,0,2,0,2,0
경기,수원시,차량단독,도로이탈,1,0,1,0,0,1
경기,수원시,차량단독,기타,104,0,115,38,68,9
경기,성남시,차대사람,횡단중,372,10,375,201,152,22
경기,성남시,차대사람,차도통행중,76,2,77,31,39,7
경기,성남시,차대사람,길가장자리구역통행중,69,0,69,21,46,2
경기,성남시,차대사람,보도통행중,29,0,30,14,13,3
경기,성남시,차대사람,기타,274,4,285,105,152,28
경기,성남시,차대차,정면충돌,169,2,332,104,194,34
경기,성남시,차대차,측면충돌,929,3,1428,334,975,119
경기,성남시,차대차,추돌,893,6,1684,314,1259,111
경기,성남시,차대차,기타,708,6,1110,212,747,151
경기,성남시,차량단독,전도전복,34,2,39,11,21,7
경기,성남시,차량단독,공작물충돌,20,3,22,8,13,1
경기,성남시,차량단독,도로이탈,1,1,0,0,0,0
경기,성남시,차량단독,도로이탈,3,0,21,9,11,1
경기,성남시,차량단독,기타,163,0,174,79,79,16
경기,의정부시,차대사람,횡단중,209,7,214,105,85,24
경기,의정부시,차대사람,차도통행중,51,0,55,17,29,9
경기,의정부시,차대사람,길가장자리구역통행중,26,0,26,7,17,2
경기,의정부시,차대사람,보도통행중,8,0,9,1,6,2
경기,의정부시,차대사람,기타,105,5,104,28,62,14
경기,의정부시,차대차,정면충돌,56,0,94,25,61,8
경기,의정부시,차대차,측면충돌,566,2,877,162,632,83
경기,의정부시,차대차,추돌,294,1,566,67,433,66
경기,의정부시,차대차,기타,171,0,256,55,164,37
경기,의정부시,차량단독,전도전복,8,2,6,3,3,0
경기,의정부시,차량단독,공작물충돌,7,0,9,2,4,3
경기,의정부시,차량단독,기타,43,0,45,16,22,7
경기,안양시,차대사람,횡단중,228,13,232,125,100,7
경기,안양시,차대사람,차도통행중,38,2,41,16,23,2
경기,안양시,차대사람,길가장자리구역통행중,33,0,34,6,24,4
경기,안양시,차대사람,보도통행중,17,0,21,9,10,2
경기,안양시,차대사람,기타,121,4,127,47,76,4
경기,안양시,차대차,정면충돌,50,0,87,31,48,8
경기,안양시,차대차,측면충돌,665,1,987,243,688,56
경기,안양시,차대차,추돌,458,4,802,126,639,37
경기,안양시,차대차,기타,160,0,234,51,159,24
경기,안양시,차량단독,전도전복,12,0,14,6,5,3
경기,안양시,차량단독,공작물충돌,11,1,15,6,9,0
경기,안양시,차량단독,도로이탈,1,0,1,0,1,0
경기,안양시,차량단독,도로이탈,1,1,0,0,0,0
경기,안양시,차량단독,기타,43,0,44,11,31,2
경기,부천시,차대사람,횡단중,540,11,553,260,266,27
경기,부천시,차대사람,차도통행중,54,0,56,20,31,5
경기,부천시,차대사람,길가장자리구역통행중,63,2,62,15,33,14
경기,부천시,차대사람,보도통행중,44,0,47,21,26,0
경기,부천시,차대사람,기타,209,1,221,48,149,24
경기,부천시,차대차,정면충돌,194,8,317,85,213,19
경기,부천시,차대차,측면충돌,1050,7,1572,293,1131,148
경기,부천시,차대차,추돌,610,1,1091,135,891,65
경기,부천시,차대차,기타,216,2,267,60,181,26
경기,부천시,차량단독,전도전복,27,0,32,14,12,6
경기,부천시,차량단독,공작물충돌,9,1,8,4,2,2
경기,부천시,차량단독,도로이탈,1,0,1,0,1,0
경기,부천시,차량단독,기타,63,0,64,25,32,7
경기,안산시,차대사람,횡단중,384,15,398,191,189,18
경기,안산시,차대사람,차도통행중,23,1,23,7,14,2
경기,안산시,차대사람,길가장자리구역통행중,15,0,15,5,10,0
경기,안산시,차대사람,보도통행중,32,0,34,11,20,3
경기,안산시,차대사람,기타,214,1,219,60,137,22
경기,안산시,차대차,정면충돌,432,2,886,176,663,47
경기,안산시,차대차,측면충돌,1388,7,2314,413,1740,161
경기,안산시,차대차,추돌,564,6,1012,137,818,57
경기,안산시,차대차,기타,565,2,829,107,670,52
경기,안산시,차량단독,전도전복,39,1,48,17,23,8
경기,안산시,차량단독,공작물충돌,19,2,23,11,10,2
경기,안산시,차량단독,기타,72,2,83,25,51,7
경기,평택시,차대사람,횡단중,244,13,250,142,94,14
경기,평택시,차대사람,차도통행중,6,1,5,2,2,1
경기,평택시,차대사람,길가장자리구역통행중,25,0,27,9,15,3
경기,평택시,차대사람,보도통행중,6,0,6,3,2,1
경기,평택시,차대사람,기타,203,10,208,75,113,20
경기,평택시,차대차,정면충돌,560,4,938,217,633,88
경기,평택시,차대차,측면충돌,727,7,1231,256,839,136
경기,평택시,차대차,추돌,492,7,1030,153,735,142
경기,평택시,차대차,기타,569,8,860,172,584,104
경기,평택시,차량단독,전도전복,61,4,67,25,36,6
경기,평택시,차량단독,공작물충돌,20,1,22,11,5,6
경기,평택시,차량단독,기타,10,0,17,11,4,2
경기,광명시,차대사람,횡단중,119,1,123,57,57,9
경기,광명시,차대사람,차도통행중,14,0,14,5,7,2
경기,광명시,차대사람,길가장자리구역통행중,29,1,28,12,11,5
경기,광명시,차대사람,보도통행중,7,0,7,0,6,1
경기,광명시,차대사람,기타,57,1,60,12,42,6
경기,광명시,차대차,정면충돌,47,0,62,17,40,5
경기,광명시,차대차,측면충돌,427,3,667,147,413,107
경기,광명시,차대차,추돌,222,1,413,68,284,61
경기,광명시,차대차,기타,81,2,103,21,69,13
경기,광명시,차량단독,전도전복,8,1,9,5,1,3
경기,광명시,차량단독,공작물충돌,10,1,12,3,4,5
경기,광명시,차량단독,기타,17,0,17,6,9,2
경기,구리시,차대사람,횡단중,34,0,39,14,25,0
경기,구리시,차대사람,차도통행중,55,0,55,19,32,4
경기,구리시,차대사람,길가장자리구역통행중,5,0,5,1,3,1
경기,구리시,차대사람,보도통행중,4,0,4,1,3,0
경기,구리시,차대사람,기타,28,0,28,12,16,0
경기,구리시,차대차,정면충돌,32,0,55,12,43,0
경기,구리시,차대차,측면충돌,211,1,334,80,239,15
경기,구리시,차대차,추돌,89,0,177,38,136,3
경기,구리시,차대차,기타,104,0,172,36,125,11
경기,구리시,차량단독,전도전복,7,0,10,7,2,1
경기,구리시,차량단독,공작물충돌,2,0,4,0,4,0
경기,구리시,차량단독,기타,10,1,9,2,7,0
경기,양주시,차대사람,횡단중,112,4,111,58,44,9
경기,양주시,차대사람,차도통행중,1,0,1,1,0,0
경기,양주시,차대사람,길가장자리구역통행중,2,0,2,0,2,0
경기,양주시,차대사람,보도통행중,1,0,1,0,0,1
경기,양주시,차대사람,기타,49,0,52,17,29,6
경기,양주시,차대차,정면충돌,157,3,279,69,205,5
경기,양주시,차대차,측면충돌,310,3,482,109,352,21
경기,양주시,차대차,추돌,179,3,293,44,240,9
경기,양주시,차대차,기타,140,0,209,43,157,9
경기,양주시,차량단독,전도전복,17,1,17,9,7,1
경기,양주시,차량단독,공작물충돌,4,0,7,4,3,0
경기,양주시,차량단독,도로이탈,1,1,0,0,0,0
경기,양주시,차량단독,도로이탈,1,0,1,0,0,1
경기,양주시,차량단독,기타,30,0,34,13,20,1
경기,여주시,차대사람,횡단중,52,2,52,24,27,1
경기,여주시,차대사람,차도통행중,4,3,1,1,0,0
경기,여주시,차대사람,길가장자리구역통행중,13,1,14,4,9,1
경기,여주시,차대사람,기타,14,1,13,5,6,2
경기,여주시,차대차,정면충돌,72,3,126,33,82,11
경기,여주시,차대차,측면충돌,207,3,358,91,244,23
경기,여주시,차대차,추돌,105,1,226,41,179,6
경기,여주시,차대차,기타,65,0,102,26,74,2
경기,여주시,차량단독,전도전복,33,4,40,15,18,7
경기,여주시,차량단독,공작물충돌,5,0,5,2,3,0
경기,여주시,차량단독,도로이탈,1,1,0,0,0,0
경기,여주시,차량단독,기타,5,0,5,4,1,0
경기,화성시,차대사람,횡단중,221,7,220,106,107,7
경기,화성시,차대사람,차도통행중,14,2,12,6,5,1
경기,화성시,차대사람,길가장자리구역통행중,19,0,19,12,7,0
경기,화성시,차대사람,보도통행중,9,0,9,1,6,2
경기,화성시,차대사람,기타,102,4,105,43,59,3
경기,화성시,차대차,정면충돌,243,3,439,133,275,31
경기,화성시,차대차,측면충돌,827,9,1339,276,951,112
경기,화성시,차대차,추돌,555,8,1136,192,859,85
경기,화성시,차대차,기타,420,5,719,170,510,39
경기,화성시,차량단독,전도전복,44,3,54,23,19,12
경기,화성시,차량단독,공작물충돌,41,5,53,20,25,8
경기,화성시,차량단독,도로이탈,1,0,2,0,2,0
경기,화성시,차량단독,기타,15,0,15,5,9,1
경기,시흥시,차대사람,횡단중,200,8,205,84,107,14
경기,시흥시,차대사람,차도통행중,51,1,51,10,33,8
경기,시흥시,차대사람,길가장자리구역통행중,19,0,20,7,8,5
경기,시흥시,차대사람,보도통행중,5,0,5,2,2,1
경기,시흥시,차대사람,기타,94,2,102,32,62,8
경기,시흥시,차대차,정면충돌,166,5,266,86,163,17
경기,시흥시,차대차,측면충돌,823,7,1325,285,969,71
경기,시흥시,차대차,추돌,484,1,863,126,687,50
경기,시흥시,차대차,기타,230,1,361,65,275,21
경기,시흥시,차량단독,전도전복,18,1,18,3,11,4
경기,시흥시,차량단독,공작물충돌,30,5,31,11,17,3
경기,시흥시,차량단독,기타,21,0,22,5,10,7
경기,시흥시,철길건널목,기타,1,0,1,1,0,0
경기,파주시,차대사람,횡단중,83,5,85,40,41,4
경기,파주시,차대사람,차도통행중,82,4,79,36,34,9
경기,파주시,차대사람,길가장자리구역통행중,24,0,24,7,16,1
경기,파주시,차대사람,보도통행중,6,0,6,2,2,2
경기,파주시,차대사람,기타,76,1,80,31,41,8
경기,파주시,차대차,정면충돌,108,6,186,56,126,4
경기,파주시,차대차,측면충돌,555,6,907,191,637,79
경기,파주시,차대차,추돌,260,1,462,69,365,28
경기,파주시,차대차,기타,284,1,424,64,300,60
경기,파주시,차량단독,전도전복,42,4,55,17,31,7
경기,파주시,차량단독,공작물충돌,45,4,69,17,31,21
경기,파주시,차량단독,주/정차차량 충돌,4,0,4,0,3,1
경기,파주시,차량단독,도로이탈,1,0,1,0,1,0
경기,파주시,차량단독,도로이탈,3,1,6,4,2,0
경기,파주시,차량단독,기타,23,1,25,8,12,5
경기,고양시,차대사람,횡단중,454,13,472,240,190,42
경기,고양시,차대사람,차도통행중,58,4,56,25,27,4
경기,고양시,차대사람,길가장자리구역통행중,13,0,16,3,8,5
경기,고양시,차대사람,보도통행중,31,0,31,7,21,3
경기,고양시,차대사람,기타,153,3,159,57,80,22
경기,고양시,차대차,정면충돌,129,1,211,62,117,32
경기,고양시,차대차,측면충돌,1270,8,1951,432,1355,164
경기,고양시,차대차,추돌,683,9,1234,214,935,85
경기,고양시,차대차,기타,686,7,1029,186,748,95
경기,고양시,차량단독,전도전복,53,4,59,21,27,11
경기,고양시,차량단독,공작물충돌,42,3,58,15,36,7
경기,고양시,차량단독,도로이탈,1,0,2,1,1,0
경기,고양시,차량단독,도로이탈,1,0,1,0,1,0
경기,고양시,차량단독,기타,68,2,69,24,34,11
경기,광주시,차대사람,횡단중,158,12,152,78,71,3
경기,광주시,차대사람,차도통행중,11,1,10,5,5,0
경기,광주시,차대사람,길가장자리구역통행중,28,0,28,11,15,2
경기,광주시,차대사람,보도통행중,9,0,9,5,4,0
경기,광주시,차대사람,기타,103,5,101,31,66,4
경기,광주시,차대차,정면충돌,83,0,138,38,95,5
경기,광주시,차대차,측면충돌,435,4,694,119,528,47
경기,광주시,차대차,추돌,370,13,726,114,579,33
경기,광주시,차대차,기타,129,6,199,51,141,7
경기,광주시,차량단독,전도전복,14,2,22,12,5,5
경기,광주시,차량단독,공작물충돌,18,2,32,11,18,3
경기,광주시,차량단독,도로이탈,2,0,3,2,1,0
경기,광주시,차량단독,기타,28,0,30,8,18,4
경기,연천군,차대사람,횡단중,19,1,19,11,8,0
경기,연천군,차대사람,차도통행중,2,1,1,0,1,0
경기,연천군,차대사람,길가장자리구역통행중,2,0,2,2,0,0
경기,연천군,차대사람,기타,8,0,8,4,4,0
경기,연천군,차대차,정면충돌,11,0,23,6,16,1
경기,연천군,차대차,측면충돌,89,0,158,47,101,10
경기,연천군,차대차,추돌,34,1,83,17,63,3
경기,연천군,차대차,기타,23,0,32,6,24,2
경기,연천군,차량단독,전도전복,9,2,8,3,4,1
경기,연천군,차량단독,공작물충돌,7,1,8,4,4,0
경기,연천군,차량단독,도로이탈,1,0,1,0,1,0
경기,연천군,차량단독,기타,2,0,2,1,0,1
경기,포천시,차대사람,횡단중,107,8,104,50,44,10
경기,포천시,차대사람,차도통행중,1,0,1,1,0,0
경기,포천시,차대사람,길가장자리구역통행중,2,0,2,1,0,1
경기,포천시,차대사람,보도통행중,1,0,1,1,0,0
경기,포천시,차대사람,기타,24,3,24,12,7,5
경기,포천시,차대차,정면충돌,121,6,244,60,146,38
경기,포천시,차대차,측면충돌,354,2,605,116,374,115
경기,포천시,차대차,추돌,151,7,290,53,175,62
경기,포천시,차대차,기타,52,2,76,13,55,8
경기,포천시,차량단독,전도전복,30,2,48,12,21,15
경기,포천시,차량단독,공작물충돌,4,0,7,5,2,0
경기,포천시,차량단독,도로이탈,1,1,0,0,0,0
경기,포천시,차량단독,기타,5,0,8,2,6,0
경기,가평군,차대사람,횡단중,31,2,31,17,11,3
경기,가평군,차대사람,기타,24,1,23,10,10,3
경기,가평군,차대차,정면충돌,67,2,133,27,88,18
경기,가평군,차대차,측면충돌,115,2,195,45,123,27
경기,가평군,차대차,추돌,58,2,115,16,90,9
경기,가평군,차대차,기타,84,1,161,32,108,21
경기,가평군,차량단독,전도전복,25,2,27,8,12,7
경기,가평군,차량단독,공작물충돌,10,2,9,5,4,0
경기,가평군,차량단독,도로이탈,1,0,1,0,1,0
경기,가평군,차량단독,기타,9,2,7,4,2,1
경기,양평군,차대사람,횡단중,27,1,28,11,15,2
경기,양평군,차대사람,차도통행중,6,0,6,3,3,0
경기,양평군,차대사람,길가장자리구역통행중,9,0,9,3,6,0
경기,양평군,차대사람,기타,25,3,22,9,12,1
경기,양평군,차대차,정면충돌,41,2,85,34,38,13
경기,양평군,차대차,측면충돌,115,0,216,47,140,29
경기,양평군,차대차,추돌,82,0,175,31,107,37
경기,양평군,차대차,기타,159,4,258,72,164,22
경기,양평군,차량단독,전도전복,14,5,17,12,3,2
경기,양평군,차량단독,공작물충돌,17,1,24,15,7,2
경기,양평군,차량단독,도로이탈,1,0,1,1,0,0
경기,양평군,차량단독,기타,6,0,8,4,3,1
경기,이천시,차대사람,횡단중,124,3,127,54,66,7
경기,이천시,차대사람,차도통행중,9,0,9,4,2,3
경기,이천시,차대사람,길가장자리구역통행중,15,1,14,3,9,2
경기,이천시,차대사람,보도통행중,6,0,6,2,4,0
경기,이천시,차대사람,기타,55,4,54,29,24,1
경기,이천시,차대차,정면충돌,106,3,197,50,140,7
경기,이천시,차대차,측면충돌,336,3,601,115,455,31
경기,이천시,차대차,추돌,188,2,359,48,304,7
경기,이천시,차대차,기타,142,3,202,28,159,15
경기,이천시,차량단독,전도전복,28,2,26,12,12,2
경기,이천시,차량단독,공작물충돌,12,2,10,2,4,4
경기,이천시,차량단독,도로이탈,2,0,2,1,0,1
경기,이천시,차량단독,도로이탈,1,0,1,0,1,0
경기,이천시,차량단독,기타,5,0,9,1,6,2
경기,용인시,차대사람,횡단중,374,12,384,179,161,44
경기,용인시,차대사람,차도통행중,28,3,25,18,6,1
경기,용인시,차대사람,길가장자리구역통행중,24,1,26,13,9,4
경기,용인시,차대사람,보도통행중,24,3,29,17,11,1
경기,용인시,차대사람,기타,132,6,142,51,73,18
경기,용인시,차대차,정면충돌,242,4,429,90,256,83
경기,용인시,차대차,측면충돌,976,9,1714,378,1113,223
경기,용인시,차대차,추돌,782,6,1706,286,1237,183
경기,용인시,차대차,기타,339,1,629,136,422,71
경기,용인시,차량단독,전도전복,61,3,95,31,32,32
경기,용인시,차량단독,공작물충돌,32,4,38,15,8,15
경기,용인시,차량단독,도로이탈,1,0,1,1,0,0
경기,용인시,차량단독,기타,36,0,43,17,17,9
경기,안성시,차대사람,횡단중,69,3,71,41,26,4
경기,안성시,차대사람,차도통행중,3,1,2,0,1,1
경기,안성시,차대사람,길가장자리구역통행중,9,0,9,1,7,1
경기,안성시,차대사람,보도통행중,1,0,1,1,0,0
경기,안성시,차대사람,기타,47,3,47,15,31,1
경기,안성시,차대차,정면충돌,98,0,168,45,109,14
경기,안성시,차대차,측면충돌,380,3,643,142,453,48
경기,안성시,차대차,추돌,182,5,381,69,273,39
경기,안성시,차대차,기타,167,2,296,65,197,34
경기,안성시,차량단독,전도전복,21,2,21,11,2,8
경기,안성시,차량단독,공작물충돌,15,1,16,8,7,1
경기,안성시,차량단독,주/정차차량 충돌,1,1,0,0,0,0
경기,안성시,차량단독,도로이탈,2,0,2,1,0,1
경기,안성시,차량단독,도로이탈,3,1,2,0,1,1
경기,안성시,차량단독,기타,10,1,14,7,4,3
경기,김포시,차대사람,횡단중,142,5,146,86,47,13
경기,김포시,차대사람,차도통행중,12,1,11,5,5,1
경기,김포시,차대사람,길가장자리구역통행중,10,0,10,6,4,0
경기,김포시,차대사람,보도통행중,23,0,23,6,16,1
경기,김포시,차대사람,기타,70,0,74,32,38,4
경기,김포시,차대차,정면충돌,418,5,720,197,471,52
경기,김포시,차대차,측면충돌,482,3,778,160,544,74
경기,김포시,차대차,추돌,192,1,329,51,258,20
경기,김포시,차대차,기타,190,2,268,55,192,21
경기,김포시,차량단독,전도전복,19,4,34,14,13,7
경기,김포시,차량단독,공작물충돌,13,0,20,3,13,4
경기,김포시,차량단독,기타,33,1,33,9,22,2
경기,동두천시,차대사람,횡단중,56,0,59,30,28,1
경기,동두천시,차대사람,차도통행중,4,0,4,1,2,1
경기,동두천시,차대사람,보도통행중,6,0,6,3,3,0
경기,동두천시,차대사람,기타,29,3,29,11,16,2
경기,동두천시,차대차,정면충돌,29,1,52,15,26,11
경기,동두천시,차대차,측면충돌,164,1,248,56,168,24
경기,동두천시,차대차,추돌,44,0,74,6,68,0
경기,동두천시,차대차,기타,50,0,70,12,51,7
경기,동두천시,차량단독,전도전복,4,0,4,3,1,0
경기,동두천시,차량단독,공작물충돌,3,0,3,3,0,0
경기,동두천시,차량단독,기타,3,0,3,0,2,1
경기,과천시,차대사람,횡단중,13,0,13,6,7,0
경기,과천시,차대사람,차도통행중,3,0,3,1,2,0
경기,과천시,차대사람,길가장자리구역통행중,1,0,1,0,1,0
경기,과천시,차대사람,보도통행중,1,0,1,0,1,0
경기,과천시,차대사람,기타,19,2,17,6,9,2
경기,과천시,차대차,정면충돌,8,0,11,4,5,2
경기,과천시,차대차,측면충돌,65,1,114,20,86,8
경기,과천시,차대차,추돌,67,1,152,18,123,11
경기,과천시,차대차,기타,38,1,52,13,34,5
경기,과천시,차량단독,전도전복,2,0,2,0,2,0
경기,과천시,차량단독,공작물충돌,4,0,9,3,5,1
경기,과천시,차량단독,기타,6,0,11,1,6,4
경기,군포시,차대사람,횡단중,119,6,121,60,57,4
경기,군포시,차대사람,차도통행중,5,0,5,0,4,1
경기,군포시,차대사람,길가장자리구역통행중,7,0,7,3,3,1
경기,군포시,차대사람,보도통행중,2,0,2,2,0,0
경기,군포시,차대사람,기타,69,2,81,28,41,12
경기,군포시,차대차,정면충돌,16,0,35,9,25,1
경기,군포시,차대차,측면충돌,174,1,286,61,199,26
경기,군포시,차대차,추돌,154,1,308,45,233,30
경기,군포시,차대차,기타,137,1,233,44,165,24
경기,군포시,차량단독,전도전복,4,0,5,3,2,0
경기,군포시,차량단독,공작물충돌,8,0,14,4,5,5
경기,군포시,차량단독,기타,17,0,17,10,7,0
경기,남양주시,차대사람,횡단중,261,11,270,119,136,15
경기,남양주시,차대사람,차도통행중,9,2,8,3,4,1
경기,남양주시,차대사람,길가장자리구역통행중,7,0,7,0,7,0
경기,남양주시,차대사람,보도통행중,10,0,10,3,6,1
경기,남양주시,차대사람,기타,151,1,163,52,90,21
경기,남양주시,차대차,정면충돌,274,5,480,99,351,30
경기,남양주시,차대차,측면충돌,395,2,665,111,521,33
경기,남양주시,차대차,추돌,408,2,920,143,704,73
경기,남양주시,차대차,기타,765,5,1206,167,938,101
경기,남양주시,차량단독,전도전복,55,5,66,28,35,3
경기,남양주시,차량단독,공작물충돌,18,1,37,12,20,5
경기,남양주시,차량단독,도로이탈,1,0,1,1,0,0
경기,남양주시,차량단독,도로이탈,1,0,1,0,1,0
경기,남양주시,차량단독,기타,31,0,36,21,11,4
경기,오산시,차대사람,횡단중,103,4,101,47,48,6
경기,오산시,차대사람,차도통행중,9,0,10,2,7,1
경기,오산시,차대사람,길가장자리구역통행중,5,1,4,2,1,1
경기,오산시,차대사람,보도통행중,7,0,7,2,5,0
경기,오산시,차대사람,기타,29,0,30,7,18,5
경기,오산시,차대차,정면충돌,47,0,72,20,49,3
경기,오산시,차대차,측면충돌,335,2,525,125,372,28
경기,오산시,차대차,추돌,141,1,290,49,226,15
경기,오산시,차대차,기타,106,1,170,38,105,27
경기,오산시,차량단독,전도전복,9,2,11,4,3,4
경기,오산시,차량단독,공작물충돌,10,1,11,4,4,3
경기,오산시,차량단독,도로이탈,1,0,1,1,0,0
경기,오산시,차량단독,기타,6,0,7,3,4,0
경기,의왕시,차대사람,횡단중,44,3,44,24,19,1
경기,의왕시,차대사람,차도통행중,7,0,7,4,2,1
경기,의왕시,차대사람,길가장자리구역통행중,11,0,11,4,7,0
경기,의왕시,차대사람,기타,23,0,24,9,15,0
경기,의왕시,차대차,정면충돌,46,0,80,24,47,9
경기,의왕시,차대차,측면충돌,139,0,208,41,160,7
경기,의왕시,차대차,추돌,165,1,330,70,253,7
경기,의왕시,차대차,기타,54,0,76,13,62,1
경기,의왕시,차량단독,전도전복,16,0,19,8,6,5
경기,의왕시,차량단독,공작물충돌,5,0,5,0,4,1
경기,의왕시,차량단독,도로이탈,1,0,1,1,0,0
경기,의왕시,차량단독,기타,15,0,15,6,8,1
경기,의왕시,철길건널목,기타,1,0,1,0,1,0
경기,하남시,차대사람,횡단중,88,1,99,31,58,10
경기,하남시,차대사람,차도통행중,9,0,9,0,6,3
경기,하남시,차대사람,길가장자리구역통행중,3,0,3,0,3,0
경기,하남시,차대사람,보도통행중,7,1,7,1,3,3
경기,하남시,차대사람,기타,46,0,46,13,29,4
경기,하남시,차대차,정면충돌,69,2,120,28,83,9
경기,하남시,차대차,측면충돌,238,0,364,54,266,44
경기,하남시,차대차,추돌,112,0,205,32,147,26
경기,하남시,차대차,기타,204,1,324,46,242,36
경기,하남시,차량단독,전도전복,15,1,16,6,4,6
경기,하남시,차량단독,공작물충돌,5,0,5,1,3,1
경기,하남시,차량단독,기타,16,0,19,4,12,3
강원,춘천시,차대사람,횡단중,159,7,160,66,85,9
강원,춘천시,차대사람,차도통행중,14,2,14,4,10,0
강원,춘천시,차대사람,길가장자리구역통행중,44,2,44,16,25,3
강원,춘천시,차대사람,보도통행중,9,0,11,1,9,1
강원,춘천시,차대사람,기타,70,0,71,11,50,10
강원,춘천시,차대차,정면충돌,149,2,236,40,176,20
강원,춘천시,차대차,측면충돌,782,2,1321,166,1049,106
강원,춘천시,차대차,추돌,335,1,724,54,618,52
강원,춘천시,차대차,기타,103,0,146,16,119,11
강원,춘천시,차량단독,전도전복,12,2,13,3,5,5
강원,춘천시,차량단독,공작물충돌,13,4,17,5,10,2
강원,춘천시,차량단독,도로이탈,2,0,2,0,2,0
강원,춘천시,차량단독,도로이탈,1,0,1,0,1,0
강원,춘천시,차량단독,기타,10,0,12,3,7,2
강원,원주시,차대사람,횡단중,265,9,272,106,149,17
강원,원주시,차대사람,차도통행중,19,1,18,6,9,3
강원,원주시,차대사람,길가장자리구역통행중,52,1,54,9,37,8
강원,원주시,차대사람,보도통행중,12,0,13,2,8,3
강원,원주시,차대사람,기타,90,4,90,26,58,6
강원,원주시,차대차,정면충돌,685,7,1193,225,935,33
강원,원주시,차대차,측면충돌,690,2,1166,206,899,61
강원,원주시,차대차,추돌,427,5,944,151,765,28
강원,원주시,차대차,기타,119,3,212,39,160,13
강원,원주시,차량단독,전도전복,42,2,59,21,33,5
강원,원주시,차량단독,공작물충돌,14,2,20,11,6,3
강원,원주시,차량단독,도로이탈,1,0,2,2,0,0
강원,원주시,차량단독,기타,9,0,11,2,9,0
강원,동해시,차대사람,횡단중,70,2,72,37,34,1
강원,동해시,차대사람,차도통행중,5,0,7,3,4,0
강원,동해시,차대사람,길가장자리구역통행중,16,0,17,6,10,1
강원,동해시,차대사람,보도통행중,4,0,4,1,3,0
강원,동해시,차대사람,기타,14,1,14,3,11,0
강원,동해시,차대차,정면충돌,10,0,19,3,16,0
강원,동해시,차대차,측면충돌,228,2,377,63,310,4
강원,동해시,차대차,추돌,97,0,183,25,157,1
강원,동해시,차대차,기타,29,0,45,8,36,1
강원,동해시,차량단독,전도전복,6,2,7,4,2,1
강원,동해시,차량단독,공작물충돌,7,1,10,4,4,2
강원,동해시,차량단독,도로이탈,1,0,1,1,0,0
강원,동해시,차량단독,기타,3,1,2,0,2,0
강원,강릉시,차대사람,횡단중,152,7,155,71,81,3
강원,강릉시,차대사람,차도통행중,4,0,4,2,2,0
강원,강릉시,차대사람,길가장자리구역통행중,10,0,10,3,7,0
강원,강릉시,차대사람,보도통행중,1,0,1,0,1,0
강원,강릉시,차대사람,기타,52,2,54,18,34,2
강원,강릉시,차대차,정면충돌,101,1,193,39,149,5
강원,강릉시,차대차,측면충돌,328,4,534,87,433,14
강원,강릉시,차대차,추돌,261,0,473,46,422,5
강원,강릉시,차대차,기타,84,1,131,24,106,1
강원,강릉시,차량단독,전도전복,21,4,24,9,13,2
강원,강릉시,차량단독,공작물충돌,4,1,4,2,2,0
강원,강릉시,차량단독,도로이탈,2,0,6,5,1,0
강원,강릉시,차량단독,기타,7,1,9,3,6,0
강원,속초시,차대사람,횡단중,67,2,68,35,28,5
강원,속초시,차대사람,차도통행중,1,0,1,0,1,0
강원,속초시,차대사람,길가장자리구역통행중,16,0,16,8,7,1
강원,속초시,차대사람,보도통행중,10,0,11,5,6,0
강원,속초시,차대사람,기타,33,1,34,11,22,1
강원,속초시,차대차,정면충돌,29,2,56,9,44,3
강원,속초시,차대차,측면충돌,237,4,405,76,310,19
강원,속초시,차대차,추돌,81,2,189,23,151,15
강원,속초시,차대차,기타,15,0,24,0,22,2
강원,속초시,차량단독,전도전복,5,0,5,2,3,0
강원,속초시,차량단독,공작물충돌,2,1,1,1,0,0
강원,속초시,차량단독,도로이탈,1,1,0,0,0,0
강원,속초시,차량단독,기타,2,0,4,1,0,3
강원,태백시,차대사람,횡단중,36,1,36,14,21,1
강원,태백시,차대사람,길가장자리구역통행중,1,0,1,0,1,0
강원,태백시,차대사람,보도통행중,2,0,2,0,1,1
강원,태백시,차대사람,기타,10,0,10,3,6,1
강원,태백시,차대차,정면충돌,18,2,44,17,27,0
강원,태백시,차대차,측면충돌,95,0,180,23,133,24
강원,태백시,차대차,추돌,44,0,77,5,60,12
강원,태백시,차대차,기타,6,0,11,3,8,0
강원,태백시,차량단독,전도전복,5,0,8,2,5,1
강원,태백시,차량단독,공작물충돌,4,2,6,1,5,0
강원,태백시,차량단독,도로이탈,2,0,6,2,4,0
강원,태백시,차량단독,기타,4,0,7,2,5,0
강원,삼척시,차대사람,횡단중,36,2,35,21,14,0
강원,삼척시,차대사람,차도통행중,3,0,3,2,1,0
강원,삼척시,차대사람,길가장자리구역통행중,11,1,10,5,5,0
강원,삼척시,차대사람,기타,17,1,18,4,14,0
강원,삼척시,차대차,정면충돌,42,1,95,23,72,0
강원,삼척시,차대차,측면충돌,164,5,284,52,219,13
강원,삼척시,차대차,추돌,85,3,189,26,158,5
강원,삼척시,차대차,기타,23,0,55,5,50,0
강원,삼척시,차량단독,전도전복,32,3,35,11,21,3
강원,삼척시,차량단독,공작물충돌,32,0,62,19,34,9
강원,삼척시,차량단독,도로이탈,1,0,2,0,2,0
강원,삼척시,차량단독,도로이탈,1,0,1,1,0,0
강원,홍천군,차대사람,횡단중,52,4,48,26,20,2
강원,홍천군,차대사람,차도통행중,5,1,5,1,4,0
강원,홍천군,차대사람,길가장자리구역통행중,6,0,7,6,1,0
강원,홍천군,차대사람,기타,6,0,6,4,2,0
강원,홍천군,차대차,정면충돌,49,3,86,28,57,1
강원,홍천군,차대차,측면충돌,120,2,185,33,150,2
강원,홍천군,차대차,추돌,59,0,115,27,87,1
강원,홍천군,차대차,기타,39,0,62,16,46,0
강원,홍천군,차량단독,전도전복,24,2,34,14,19,1
강원,홍천군,차량단독,공작물충돌,4,2,4,2,2,0
강원,홍천군,차량단독,기타,2,0,2,1,1,0
강원,횡성군,차대사람,횡단중,16,2,14,6,7,1
강원,횡성군,차대사람,차도통행중,3,0,3,3,0,0
강원,횡성군,차대사람,길가장자리구역통행중,3,0,3,2,1,0
강원,횡성군,차대사람,기타,13,1,12,6,4,2
강원,횡성군,차대차,정면충돌,42,2,90,33,54,3
강원,횡성군,차대차,측면충돌,85,1,153,45,101,7
강원,횡성군,차대차,추돌,53,1,186,30,153,3
강원,횡성군,차대차,기타,21,1,38,16,19,3
강원,횡성군,차량단독,전도전복,15,2,19,13,5,1
강원,횡성군,차량단독,공작물충돌,1,0,3,2,1,0
강원,횡성군,차량단독,기타,5,2,3,1,1,1
강원,영월군,차대사람,횡단중,17,2,15,10,2,3
강원,영월군,차대사람,차도통행중,2,0,2,2,0,0
강원,영월군,차대사람,길가장자리구역통행중,3,0,3,3,0,0
강원,영월군,차대사람,기타,10,1,11,7,2,2
강원,영월군,차대차,정면충돌,4,0,5,3,0,2
강원,영월군,차대차,측면충돌,90,1,178,33,108,37
강원,영월군,차대차,추돌,28,1,61,14,43,4
강원,영월군,차대차,기타,13,0,23,8,11,4
강원,영월군,차량단독,전도전복,8,2,9,4,2,3
강원,영월군,차량단독,공작물충돌,2,0,3,2,1,0
강원,영월군,차량단독,도로이탈,2,1,1,0,0,1
강원,영월군,차량단독,기타,4,1,3,1,0,2
강원,평창군,차대사람,횡단중,9,0,12,10,2,0
강원,평창군,차대사람,길가장자리구역통행중,7,0,8,5,3,0
강원,평창군,차대사람,기타,6,1,5,2,2,1
강원,평창군,차대차,정면충돌,29,1,78,36,42,0
강원,평창군,차대차,측면충돌,88,0,189,42,143,4
강원,평창군,차대차,추돌,72,7,233,43,189,1
강원,평창군,차대차,기타,9,0,16,2,14,0
강원,평창군,차량단독,전도전복,13,3,16,8,8,0
강원,평창군,차량단독,공작물충돌,13,1,23,10,13,0
강원,평창군,차량단독,도로이탈,3,0,6,2,4,0
강원,평창군,차량단독,도로이탈,1,0,2,1,1,0
강원,평창군,차량단독,기타,3,0,4,2,2,0
강원,정선군,차대사람,횡단중,18,0,18,9,6,3
강원,정선군,차대사람,기타,9,1,8,5,3,0
강원,정선군,차대차,정면충돌,32,2,87,23,57,7
강원,정선군,차대차,측면충돌,44,0,80,9,67,4
강원,정선군,차대차,추돌,28,0,76,8,66,2
강원,정선군,차대차,기타,21,0,34,7,27,0
강원,정선군,차량단독,전도전복,7,5,5,1,2,2
강원,정선군,차량단독,공작물충돌,4,0,19,5,13,1
강원,정선군,차량단독,도로이탈,1,0,1,1,0,0
강원,정선군,차량단독,기타,3,1,2,2,0,0
강원,철원군,차대사람,횡단중,16,1,15,12,3,0
강원,철원군,차대사람,차도통행중,3,0,3,2,1,0
강원,철원군,차대사람,길가장자리구역통행중,4,0,5,2,3,0
강원,철원군,차대사람,기타,9,0,10,6,3,1
강원,철원군,차대차,정면충돌,17,1,30,13,17,0
강원,철원군,차대차,측면충돌,81,2,144,50,92,2
강원,철원군,차대차,추돌,23,1,43,20,23,0
강원,철원군,차대차,기타,9,0,14,7,7,0
강원,철원군,차량단독,전도전복,6,0,6,4,2,0
강원,철원군,차량단독,공작물충돌,9,3,10,4,5,1
강원,철원군,차량단독,도로이탈,1,0,1,1,0,0
강원,철원군,차량단독,기타,1,0,1,0,1,0
강원,화천군,차대사람,횡단중,5,1,4,0,2,2
강원,화천군,차대사람,차도통행중,1,0,1,1,0,0
강원,화천군,차대사람,길가장자리구역통행중,1,0,1,0,1,0
강원,화천군,차대사람,보도통행중,2,0,2,2,0,0
강원,화천군,차대사람,기타,4,0,5,2,2,1
강원,화천군,차대차,정면충돌,17,0,29,9,18,2
강원,화천군,차대차,측면충돌,24,1,40,3,35,2
강원,화천군,차대차,추돌,9,0,12,2,10,0
강원,화천군,차대차,기타,16,0,30,12,17,1
강원,화천군,차량단독,전도전복,3,1,4,2,2,0
강원,화천군,차량단독,공작물충돌,1,0,1,1,0,0
강원,화천군,차량단독,도로이탈,1,1,0,0,0,0
강원,화천군,차량단독,도로이탈,1,1,0,0,0,0
강원,화천군,차량단독,기타,2,1,1,0,1,0
강원,양구군,차대사람,횡단중,7,1,6,5,1,0
강원,양구군,차대사람,차도통행중,1,1,0,0,0,0
강원,양구군,차대사람,길가장자리구역통행중,1,0,1,1,0,0
강원,양구군,차대사람,기타,2,0,2,1,1,0
강원,양구군,차대차,정면충돌,18,0,42,12,25,5
강원,양구군,차대차,측면충돌,21,0,36,10,21,5
강원,양구군,차대차,추돌,6,0,8,1,7,0
강원,양구군,차대차,기타,4,0,5,1,4,0
강원,양구군,차량단독,전도전복,6,2,6,5,1,0
강원,양구군,차량단독,공작물충돌,3,1,2,1,1,0
강원,양구군,차량단독,도로이탈,1,0,2,1,1,0
강원,양구군,차량단독,기타,1,0,1,0,0,1
강원,인제군,차대사람,횡단중,6,0,6,6,0,0
강원,인제군,차대사람,차도통행중,5,0,5,4,1,0
강원,인제군,차대사람,길가장자리구역통행중,3,1,3,2,1,0
강원,인제군,차대사람,기타,5,0,5,2,3,0
강원,인제군,차대차,정면충돌,15,0,32,19,11,2
강원,인제군,차대차,측면충돌,36,0,59,21,37,1
강원,인제군,차대차,추돌,52,0,126,34,89,3
강원,인제군,차대차,기타,38,0,81,24,55,2
강원,인제군,차량단독,전도전복,16,5,15,9,5,1
강원,인제군,차량단독,공작물충돌,3,0,3,3,0,0
강원,인제군,차량단독,도로이탈,1,1,0,0,0,0
강원,인제군,차량단독,기타,2,0,2,1,1,0
강원,고성군,차대사람,횡단중,17,1,19,6,11,2
강원,고성군,차대사람,길가장자리구역통행중,1,0,1,1,0,0
강원,고성군,차대사람,보도통행중,2,0,2,1,0,1
강원,고성군,차대사람,기타,1,0,1,1,0,0
강원,고성군,차대차,정면충돌,21,1,43,16,27,0
강원,고성군,차대차,측면충돌,48,0,86,16,70,0
강원,고성군,차대차,추돌,23,0,49,5,43,1
강원,고성군,차대차,기타,5,0,5,1,4,0
강원,고성군,차량단독,전도전복,12,5,8,7,1,0
강원,고성군,차량단독,기타,1,0,1,0,1,0
강원,양양군,차대사람,횡단중,13,2,11,6,4,1
강원,양양군,차대사람,차도통행중,2,0,2,1,1,0
강원,양양군,차대사람,길가장자리구역통행중,1,0,1,0,1,0
강원,양양군,차대사람,보도통행중,1,0,2,0,2,0
강원,양양군,차대사람,기타,7,0,7,2,5,0
강원,양양군,차대차,정면충돌,4,2,9,2,7,0
강원,양양군,차대차,측면충돌,70,0,162,30,124,8
강원,양양군,차대차,추돌,34,1,85,20,65,0
강원,양양군,차대차,기타,3,0,5,0,5,0
강원,양양군,차량단독,전도전복,7,1,9,7,2,0
강원,양양군,차량단독,공작물충돌,4,1,3,2,1,0
강원,양양군,차량단독,기타,1,0,1,0,1,0
충북,청주시,차대사람,횡단중,563,15,585,260,321,4
충북,청주시,차대사람,차도통행중,19,1,20,4,16,0
충북,청주시,차대사람,길가장자리구역통행중,39,2,40,9,29,2
충북,청주시,차대사람,보도통행중,19,0,20,8,12,0
충북,청주시,차대사람,기타,216,9,214,76,129,9
충북,청주시,차대차,정면충돌,1110,7,1972,372,1548,52
충북,청주시,차대차,측면충돌,1422,8,2356,496,1803,57
충북,청주시,차대차,추돌,626,9,1221,153,1045,23
충북,청주시,차대차,기타,720,7,1170,210,943,17
충북,청주시,차량단독,전도전복,123,12,134,58,56,20
충북,청주시,차량단독,공작물충돌,42,2,51,21,21,9
충북,청주시,차량단독,도로이탈,1,1,7,4,3,0
충북,청주시,차량단독,도로이탈,4,0,6,3,3,0
충북,청주시,차량단독,기타,72,1,82,39,41,2
충북,충주시,차대사람,횡단중,158,8,167,65,89,13
충북,충주시,차대사람,차도통행중,1,1,0,0,0,0
충북,충주시,차대사람,길가장자리구역통행중,2,0,2,0,2,0
충북,충주시,차대사람,기타,46,4,43,17,26,0
충북,충주시,차대차,정면충돌,299,4,565,123,398,44
충북,충주시,차대차,측면충돌,653,7,1125,277,759,89
충북,충주시,차대차,추돌,40,6,104,25,78,1
충북,충주시,차대차,기타,108,4,159,40,100,19
충북,충주시,차량단독,전도전복,63,7,99,21,47,31
충북,충주시,차량단독,공작물충돌,7,0,10,0,5,5
충북,충주시,차량단독,기타,6,1,5,1,4,0
충북,제천시,차대사람,횡단중,143,10,148,83,61,4
충북,제천시,차대사람,차도통행중,1,0,1,0,1,0
충북,제천시,차대사람,길가장자리구역통행중,4,0,4,3,1,0
충북,제천시,차대사람,보도통행중,2,0,2,2,0,0
충북,제천시,차대사람,기타,14,1,14,6,8,0
충북,제천시,차대차,정면충돌,49,1,87,18,68,1
충북,제천시,차대차,측면충돌,253,2,481,122,343,16
충북,제천시,차대차,추돌,339,0,705,150,536,19
충북,제천시,차대차,기타,66,1,111,19,87,5
충북,제천시,차량단독,전도전복,35,3,43,13,29,1
충북,제천시,차량단독,공작물충돌,15,3,25,6,12,7
충북,제천시,차량단독,주/정차차량 충돌,1,0,1,0,1,0
충북,제천시,차량단독,도로이탈,1,0,1,0,1,0
충북,제천시,차량단독,기타,2,0,2,1,1,0
충북,보은군,차대사람,횡단중,9,1,9,7,2,0
충북,보은군,차대사람,차도통행중,2,1,1,0,1,0
충북,보은군,차대사람,길가장자리구역통행중,1,0,1,0,1,0
충북,보은군,차대사람,기타,6,0,6,4,2,0
충북,보은군,차대차,정면충돌,13,0,25,11,14,0
충북,보은군,차대차,측면충돌,48,1,78,32,44,2
충북,보은군,차대차,추돌,28,2,66,19,42,5
충북,보은군,차대차,기타,5,1,8,2,6,0
충북,보은군,차량단독,전도전복,12,3,11,4,4,3
충북,보은군,차량단독,공작물충돌,1,0,1,1,0,0
충북,보은군,차량단독,기타,1,0,1,1,0,0
충북,옥천군,차대사람,횡단중,13,1,12,9,3,0
충북,옥천군,차대사람,차도통행중,8,1,8,3,5,0
충북,옥천군,차대사람,길가장자리구역통행중,3,0,3,2,1,0
충북,옥천군,차대사람,기타,12,2,10,5,5,0
충북,옥천군,차대차,정면충돌,11,1,23,10,13,0
충북,옥천군,차대차,측면충돌,125,1,206,65,137,4
충북,옥천군,차대차,추돌,36,1,66,21,38,7
충북,옥천군,차대차,기타,10,0,20,11,9,0
충북,옥천군,차량단독,전도전복,11,1,12,4,5,3
충북,옥천군,차량단독,공작물충돌,1,0,1,0,1,0
충북,옥천군,차량단독,기타,1,0,1,1,0,0
충북,영동군,차대사람,횡단중,25,2,24,12,11,1
충북,영동군,차대사람,차도통행중,1,0,1,0,1,0
충북,영동군,차대사람,길가장자리구역통행중,1,0,1,0,1,0
충북,영동군,차대사람,기타,8,2,7,5,2,0
충북,영동군,차대차,정면충돌,28,2,61,21,38,2
충북,영동군,차대차,측면충돌,32,0,47,17,28,2
충북,영동군,차대차,추돌,13,3,15,2,12,1
충북,영동군,차대차,기타,47,1,71,26,42,3
충북,영동군,차량단독,전도전복,17,2,21,8,12,1
충북,영동군,차량단독,도로이탈,2,0,4,2,1,1
충북,영동군,차량단독,기타,2,0,10,3,7,0
충북,진천군,차대사람,횡단중,31,1,33,16,17,0
충북,진천군,차대사람,차도통행중,12,1,11,5,6,0
충북,진천군,차대사람,길가장자리구역통행중,5,0,6,0,6,0
충북,진천군,차대사람,기타,12,1,11,7,4,0
충북,진천군,차대차,정면충돌,32,1,56,18,37,1
충북,진천군,차대차,측면충돌,111,2,168,41,126,1
충북,진천군,차대차,추돌,71,1,131,26,103,2
충북,진천군,차대차,기타,119,4,171,40,129,2
충북,진천군,차량단독,전도전복,33,0,43,16,25,2
충북,진천군,차량단독,공작물충돌,3,0,4,2,2,0
충북,진천군,차량단독,도로이탈,1,1,0,0,0,0
충북,진천군,차량단독,기타,3,0,3,0,2,1
충북,괴산군,차대사람,횡단중,5,1,5,4,1,0
충북,괴산군,차대사람,차도통행중,1,1,0,0,0,0
충북,괴산군,차대사람,길가장자리구역통행중,4,0,4,4,0,0
충북,괴산군,차대사람,기타,13,0,13,9,3,1
충북,괴산군,차대차,정면충돌,13,1,24,14,8,2
충북,괴산군,차대차,측면충돌,70,3,110,42,65,3
충북,괴산군,차대차,추돌,36,2,68,24,38,6
충북,괴산군,차대차,기타,15,0,21,7,13,1
충북,괴산군,차량단독,전도전복,24,4,33,16,12,5
충북,괴산군,차량단독,공작물충돌,8,3,8,2,6,0
충북,괴산군,차량단독,도로이탈,1,0,2,1,1,0
충북,괴산군,차량단독,도로이탈,1,0,3,2,1,0
충북,괴산군,차량단독,기타,1,0,6,0,6,0
충북,음성군,차대사람,횡단중,43,2,43,27,16,0
충북,음성군,차대사람,차도통행중,5,0,6,4,2,0
충북,음성군,차대사람,길가장자리구역통행중,9,1,8,5,1,2
충북,음성군,차대사람,기타,28,0,30,15,14,1
충북,음성군,차대차,정면충돌,67,1,113,44,68,1
충북,음성군,차대차,측면충돌,211,12,408,103,292,13
충북,음성군,차대차,추돌,77,4,159,44,112,3
충북,음성군,차대차,기타,93,6,153,41,104,8
충북,음성군,차량단독,전도전복,48,2,63,33,29,1
충북,음성군,차량단독,공작물충돌,5,0,6,2,2,2
충북,음성군,차량단독,기타,2,0,2,1,1,0
충북,단양군,차대사람,횡단중,13,1,12,4,7,1
충북,단양군,차대사람,차도통행중,2,0,2,1,1,0
충북,단양군,차대사람,보도통행중,1,0,1,1,0,0
충북,단양군,차대사람,기타,6,1,5,2,3,0
충북,단양군,차대차,정면충돌,16,1,27,12,15,0
충북,단양군,차대차,측면충돌,51,4,86,34,51,1
충북,단양군,차대차,추돌,17,0,37,6,30,1
충북,단양군,차대차,기타,9,0,14,4,10,0
충북,단양군,차량단독,전도전복,9,1,19,8,10,1
충북,단양군,차량단독,공작물충돌,2,1,1,0,1,0
충북,단양군,차량단독,도로이탈,1,0,4,3,1,0
충북,단양군,차량단독,기타,3,0,5,4,1,0
충북,증평군,차대사람,횡단중,20,0,21,9,12,0
충북,증평군,차대사람,차도통행중,1,0,1,1,0,0
충북,증평군,차대사람,길가장자리구역통행중,2,0,2,2,0,0
충북,증평군,차대사람,보도통행중,1,0,1,0,1,0
충북,증평군,차대사람,기타,11,0,11,1,10,0
충북,증평군,차대차,정면충돌,6,0,12,1,11,0
충북,증평군,차대차,측면충돌,104,0,173,28,130,15
충북,증평군,차대차,추돌,47,0,112,12,95,5
충북,증평군,차대차,기타,29,0,43,7,33,3
충북,증평군,차량단독,전도전복,7,1,8,3,5,0
충북,증평군,차량단독,공작물충돌,4,0,9,5,3,1
충남,천안시,차대사람,횡단중,288,16,285,129,141,15
충남,천안시,차대사람,차도통행중,24,1,24,7,15,2
충남,천안시,차대사람,길가장자리구역통행중,27,0,30,11,18,1
충남,천안시,차대사람,보도통행중,10,2,9,3,6,0
충남,천안시,차대사람,기타,175,3,184,51,121,12
충남,천안시,차대차,정면충돌,264,3,466,113,342,11
충남,천안시,차대차,측면충돌,670,9,1042,220,768,54
충남,천안시,차대차,추돌,481,7,809,107,663,39
충남,천안시,차대차,기타,431,9,653,86,533,34
충남,천안시,차량단독,전도전복,31,3,33,18,11,4
충남,천안시,차량단독,공작물충돌,19,8,14,6,4,4
충남,천안시,차량단독,주/정차차량 충돌,1,0,1,1,0,0
충남,천안시,차량단독,기타,23,1,25,10,14,1
충남,아산시,차대사람,횡단중,160,8,157,86,70,1
충남,아산시,차대사람,차도통행중,13,1,12,4,7,1
충남,아산시,차대사람,길가장자리구역통행중,12,0,12,6,6,0
충남,아산시,차대사람,보도통행중,3,0,5,3,2,0
충남,아산시,차대사람,기타,54,1,60,26,30,4
충남,아산시,차대차,정면충돌,147,4,244,102,137,5
충남,아산시,차대차,측면충돌,424,4,604,185,403,16
충남,아산시,차대차,추돌,270,6,439,89,343,7
충남,아산시,차대차,기타,122,4,173,48,119,6
충남,아산시,차량단독,전도전복,36,6,35,18,15,2
충남,아산시,차량단독,공작물충돌,12,1,23,11,5,7
충남,아산시,차량단독,도로이탈,1,0,1,0,1,0
충남,아산시,차량단독,도로이탈,2,1,1,1,0,0
충남,아산시,차량단독,기타,4,2,2,2,0,0
충남,보령시,차대사람,횡단중,66,3,64,41,23,0
충남,보령시,차대사람,차도통행중,10,1,9,3,6,0
충남,보령시,차대사람,길가장자리구역통행중,17,0,17,9,7,1
충남,보령시,차대사람,보도통행중,1,0,1,1,0,0
충남,보령시,차대사람,기타,23,4,25,16,9,0
충남,보령시,차대차,정면충돌,93,5,187,81,101,5
충남,보령시,차대차,측면충돌,145,1,256,98,155,3
충남,보령시,차대차,추돌,74,3,124,44,76,4
충남,보령시,차대차,기타,27,0,37,16,21,0
충남,보령시,차량단독,전도전복,35,5,38,17,18,3
충남,보령시,차량단독,공작물충돌,8,0,15,9,6,0
충남,보령시,차량단독,도로이탈,1,1,0,0,0,0
충남,보령시,차량단독,도로이탈,2,0,2,0,2,0
충남,보령시,차량단독,기타,6,1,5,4,1,0
충남,공주시,차대사람,횡단중,61,7,61,36,22,3
충남,공주시,차대사람,차도통행중,8,1,7,2,4,1
충남,공주시,차대사람,길가장자리구역통행중,13,0,13,5,8,0
충남,공주시,차대사람,보도통행중,2,1,1,0,1,0
충남,공주시,차대사람,기타,29,1,31,18,11,2
충남,공주시,차대차,정면충돌,45,2,81,35,45,1
충남,공주시,차대차,측면충돌,214,0,359,106,238,15
충남,공주시,차대차,추돌,103,3,205,59,137,9
충남,공주시,차대차,기타,28,1,39,20,18,1
충남,공주시,차량단독,전도전복,29,3,29,14,9,6
충남,공주시,차량단독,공작물충돌,17,5,21,6,10,5
충남,공주시,차량단독,도로이탈,1,0,1,1,0,0
충남,공주시,차량단독,도로이탈,2,1,1,0,0,1
충남,공주시,차량단독,기타,9,1,10,5,5,0
충남,서산시,차대사람,횡단중,102,4,107,61,44,2
충남,서산시,차대사람,차도통행중,14,2,14,8,4,2
충남,서산시,차대사람,길가장자리구역통행중,12,0,14,6,7,1
충남,서산시,차대사람,보도통행중,1,0,1,1,0,0
충남,서산시,차대사람,기타,18,0,18,9,9,0
충남,서산시,차대차,정면충돌,191,9,309,121,172,16
충남,서산시,차대차,측면충돌,186,5,294,112,170,12
충남,서산시,차대차,추돌,89,2,160,38,116,6
충남,서산시,차대차,기타,18,0,27,9,18,0
충남,서산시,차량단독,전도전복,33,4,31,16,9,6
충남,서산시,차량단독,공작물충돌,10,2,9,7,0,2
충남,서산시,차량단독,도로이탈,3,1,3,2,0,1
충남,서산시,차량단독,도로이탈,1,0,1,1,0,0
충남,서산시,차량단독,기타,2,0,2,1,0,1
충남,금산군,차대사람,횡단중,28,1,27,13,12,2
충남,금산군,차대사람,차도통행중,1,0,1,1,0,0
충남,금산군,차대사람,길가장자리구역통행중,4,1,5,2,3,0
충남,금산군,차대사람,보도통행중,2,1,2,2,0,0
충남,금산군,차대사람,기타,4,1,4,2,2,0
충남,금산군,차대차,정면충돌,34,3,74,22,51,1
충남,금산군,차대차,측면충돌,93,1,149,35,108,6
충남,금산군,차대차,추돌,25,1,42,13,29,0
충남,금산군,차대차,기타,8,0,9,3,6,0
충남,금산군,차량단독,전도전복,23,3,27,13,11,3
충남,금산군,차량단독,공작물충돌,3,0,4,3,1,0
충남,금산군,차량단독,기타,1,1,0,0,0,0
충남,태안군,차대사람,횡단중,37,7,32,20,11,1
충남,태안군,차대사람,차도통행중,4,0,4,4,0,0
충남,태안군,차대사람,길가장자리구역통행중,2,0,2,1,1,0
충남,태안군,차대사람,보도통행중,1,0,1,0,1,0
충남,태안군,차대사람,기타,16,1,20,13,7,0
충남,태안군,차대차,정면충돌,110,5,190,81,107,2
충남,태안군,차대차,측면충돌,98,2,167,57,96,14
충남,태안군,차대차,추돌,36,1,52,16,34,2
충남,태안군,차대차,기타,6,1,6,3,3,0
충남,태안군,차량단독,전도전복,20,5,21,15,4,2
충남,태안군,차량단독,공작물충돌,2,0,2,2,0,0
충남,태안군,차량단독,도로이탈,3,2,1,1,0,0
충남,논산시,차대사람,횡단중,54,10,49,32,16,1
충남,논산시,차대사람,차도통행중,25,1,25,17,8,0
충남,논산시,차대사람,길가장자리구역통행중,11,0,11,10,0,1
충남,논산시,차대사람,보도통행중,6,0,6,4,2,0
충남,논산시,차대사람,기타,18,1,17,9,8,0
충남,논산시,차대차,정면충돌,72,1,126,56,69,1
충남,논산시,차대차,측면충돌,220,8,354,150,199,5
충남,논산시,차대차,추돌,88,6,203,68,134,1
충남,논산시,차대차,기타,26,0,60,18,42,0
충남,논산시,차량단독,전도전복,37,6,41,22,15,4
충남,논산시,차량단독,공작물충돌,5,2,8,7,1,0
충남,논산시,차량단독,도로이탈,1,0,1,0,1,0
충남,논산시,차량단독,도로이탈,1,0,1,0,1,0
충남,논산시,차량단독,기타,9,0,10,7,1,2
충남,부여군,차대사람,횡단중,27,3,26,17,9,0
충남,부여군,차대사람,길가장자리구역통행중,5,0,5,4,1,0
충남,부여군,차대사람,보도통행중,2,0,2,1,1,0
충남,부여군,차대사람,기타,11,1,13,12,1,0
충남,부여군,차대차,정면충돌,23,1,34,20,14,0
충남,부여군,차대차,측면충돌,76,10,99,65,32,2
충남,부여군,차대차,추돌,32,5,49,29,20,0
충남,부여군,차대차,기타,18,2,23,13,10,0
충남,부여군,차량단독,전도전복,13,7,8,5,3,0
충남,부여군,차량단독,공작물충돌,3,0,4,3,1,0
충남,부여군,차량단독,기타,4,1,3,3,0,0
충남,서천군,차대사람,횡단중,31,2,30,19,11,0
충남,서천군,차대사람,차도통행중,15,3,15,5,10,0
충남,서천군,차대사람,길가장자리구역통행중,4,0,4,2,2,0
충남,서천군,차대사람,기타,22,1,24,11,11,2
충남,서천군,차대차,정면충돌,18,2,40,19,19,2
충남,서천군,차대차,측면충돌,164,5,329,96,218,15
충남,서천군,차대차,추돌,59,3,114,25,83,6
충남,서천군,차대차,기타,31,0,47,12,34,1
충남,서천군,차량단독,전도전복,22,1,24,12,9,3
충남,서천군,차량단독,공작물충돌,11,1,16,9,6,1
충남,서천군,차량단독,도로이탈,2,0,4,3,1,0
충남,서천군,차량단독,도로이탈,1,0,2,1,1,0
충남,서천군,차량단독,기타,7,2,5,4,0,1
충남,청양군,차대사람,횡단중,9,2,7,4,3,0
충남,청양군,차대사람,차도통행중,1,1,0,0,0,0
충남,청양군,차대사람,길가장자리구역통행중,2,0,3,3,0,0
충남,청양군,차대사람,기타,15,4,12,6,6,0
충남,청양군,차대차,정면충돌,31,1,65,37,28,0
충남,청양군,차대차,측면충돌,56,2,86,37,47,2
충남,청양군,차대차,추돌,22,2,42,9,33,0
충남,청양군,차대차,기타,10,0,12,5,7,0
충남,청양군,차량단독,전도전복,26,2,25,8,14,3
충남,청양군,차량단독,공작물충돌,17,1,25,13,10,2
충남,청양군,차량단독,도로이탈,1,0,1,0,1,0
충남,홍성군,차대사람,횡단중,52,5,49,23,25,1
충남,홍성군,차대사람,차도통행중,10,0,10,5,4,1
충남,홍성군,차대사람,길가장자리구역통행중,7,0,7,6,1,0
충남,홍성군,차대사람,기타,6,0,6,4,2,0
충남,홍성군,차대차,정면충돌,42,2,67,19,48,0
충남,홍성군,차대차,측면충돌,193,6,310,65,244,1
충남,홍성군,차대차,추돌,55,2,96,25,71,0
충남,홍성군,차대차,기타,15,0,20,7,13,0
충남,홍성군,차량단독,전도전복,27,4,25,9,16,0
충남,홍성군,차량단독,공작물충돌,1,0,6,2,4,0
충남,홍성군,차량단독,도로이탈,1,0,1,1,0,0
충남,홍성군,차량단독,기타,1,0,1,1,0,0
충남,예산군,차대사람,횡단중,25,5,20,14,6,0
충남,예산군,차대사람,차도통행중,7,1,6,4,2,0
충남,예산군,차대사람,길가장자리구역통행중,7,0,8,7,1,0
충남,예산군,차대사람,기타,14,0,14,6,8,0
충남,예산군,차대차,정면충돌,30,3,56,19,37,0
충남,예산군,차대차,측면충돌,98,4,172,56,110,6
충남,예산군,차대차,추돌,70,3,136,41,95,0
충남,예산군,차대차,기타,35,2,45,14,31,0
충남,예산군,차량단독,전도전복,16,5,19,15,2,2
충남,예산군,차량단독,공작물충돌,7,1,7,5,1,1
충남,예산군,차량단독,도로이탈,2,0,3,0,3,0
충남,예산군,차량단독,기타,1,0,1,0,1,0
충남,당진시,차대사람,횡단중,59,3,59,31,27,1
충남,당진시,차대사람,차도통행중,9,1,8,5,3,0
충남,당진시,차대사람,길가장자리구역통행중,18,2,17,7,9,1
충남,당진시,차대사람,보도통행중,5,1,4,4,0,0
충남,당진시,차대사람,기타,39,3,38,18,19,1
충남,당진시,차대차,정면충돌,34,3,65,19,43,3
충남,당진시,차대차,측면충돌,371,4,553,166,378,9
충남,당진시,차대차,추돌,164,6,305,53,242,10
충남,당진시,차대차,기타,48,1,64,21,43,0
충남,당진시,차량단독,전도전복,20,4,35,13,22,0
충남,당진시,차량단독,공작물충돌,9,1,10,7,3,0
충남,당진시,차량단독,도로이탈,1,0,1,1,0,0
충남,당진시,차량단독,도로이탈,2,0,2,0,2,0
충남,당진시,차량단독,기타,2,0,2,0,2,0
충남,계룡시,차대사람,횡단중,14,0,16,10,6,0
충남,계룡시,차대사람,차도통행중,4,0,5,3,2,0
충남,계룡시,차대사람,길가장자리구역통행중,1,0,1,1,0,0
충남,계룡시,차대사람,보도통행중,1,0,1,1,0,0
충남,계룡시,차대사람,기타,1,0,1,0,1,0
충남,계룡시,차대차,정면충돌,10,0,15,5,8,2
충남,계룡시,차대차,측면충돌,30,0,54,11,43,0
충남,계룡시,차대차,추돌,13,0,23,4,19,0
충남,계룡시,차대차,기타,2,0,2,1,1,0
충남,계룡시,차량단독,전도전복,3,0,6,3,2,1
충남,계룡시,차량단독,공작물충돌,1,0,1,0,1,0
충남,계룡시,차량단독,기타,1,0,1,1,0,0
전북,전주시,차대사람,횡단중,408,21,408,220,182,6
전북,전주시,차대사람,차도통행중,25,1,26,9,16,1
전북,전주시,차대사람,길가장자리구역통행중,44,1,43,15,27,1
전북,전주시,차대사람,보도통행중,40,0,42,18,23,1
전북,전주시,차대사람,기타,116,2,124,41,83,0
전북,전주시,차대차,정면충돌,236,2,451,87,358,6
전북,전주시,차대차,측면충돌,789,14,1370,214,1122,34
전북,전주시,차대차,추돌,429,2,883,68,800,15
전북,전주시,차대차,기타,161,4,260,31,227,2
전북,전주시,차량단독,전도전복,14,3,20,7,8,5
전북,전주시,차량단독,공작물충돌,17,3,24,7,16,1
전북,전주시,차량단독,도로이탈,1,0,1,0,1,0
전북,전주시,차량단독,기타,23,0,24,4,20,0
전북,군산시,차대사람,횡단중,206,10,211,77,130,4
전북,군산시,차대사람,차도통행중,13,0,13,1,11,1
전북,군산시,차대사람,길가장자리구역통행중,14,0,17,5,12,0
전북,군산시,차대사람,보도통행중,2,0,2,0,2,0
전북,군산시,차대사람,기타,35,1,35,10,24,1
전북,군산시,차대차,정면충돌,130,5,229,37,186,6
전북,군산시,차대차,측면충돌,551,3,908,149,718,41
전북,군산시,차대차,추돌,224,1,448,38,385,25
전북,군산시,차대차,기타,88,1,134,23,110,1
전북,군산시,차량단독,전도전복,34,6,30,13,13,4
전북,군산시,차량단독,공작물충돌,8,0,10,5,5,0
전북,군산시,차량단독,도로이탈,2,0,2,1,1,0
전북,군산시,차량단독,기타,8,0,8,6,2,0
전북,정읍시,차대사람,횡단중,84,1,85,40,43,2
전북,정읍시,차대사람,차도통행중,2,0,2,2,0,0
전북,정읍시,차대사람,길가장자리구역통행중,10,1,10,8,2,0
전북,정읍시,차대사람,보도통행중,3,0,4,1,3,0
전북,정읍시,차대사람,기타,15,1,18,9,9,0
전북,정읍시,차대차,정면충돌,96,2,184,56,126,2
전북,정읍시,차대차,측면충돌,222,3,381,81,298,2
전북,정읍시,차대차,추돌,77,3,134,17,111,6
전북,정읍시,차대차,기타,39,1,60,13,47,0
전북,정읍시,차량단독,전도전복,31,5,44,20,23,1
전북,정읍시,차량단독,공작물충돌,12,2,16,6,10,0
전북,정읍시,차량단독,도로이탈,2,2,2,2,0,0
전북,정읍시,차량단독,도로이탈,3,1,3,1,2,0
전북,정읍시,차량단독,기타,8,1,9,2,6,1
전북,남원시,차대사람,횡단중,37,4,37,19,18,0
전북,남원시,차대사람,길가장자리구역통행중,1,0,1,1,0,0
전북,남원시,차대사람,기타,14,2,12,4,8,0
전북,남원시,차대차,정면충돌,30,1,53,22,31,0
전북,남원시,차대차,측면충돌,150,4,220,58,162,0
전북,남원시,차대차,추돌,45,2,80,20,60,0
전북,남원시,차대차,기타,32,0,41,12,29,0
전북,남원시,차량단독,전도전복,18,9,11,9,2,0
전북,남원시,차량단독,공작물충돌,4,1,5,5,0,0
전북,남원시,차량단독,기타,2,0,2,1,1,0
전북,김제시,차대사람,횡단중,49,9,43,22,21,0
전북,김제시,차대사람,차도통행중,5,1,4,2,2,0
전북,김제시,차대사람,길가장자리구역통행중,7,0,8,5,3,0
전북,김제시,차대사람,보도통행중,4,0,4,4,0,0
전북,김제시,차대사람,기타,16,2,14,5,9,0
전북,김제시,차대차,정면충돌,49,0,96,34,62,0
전북,김제시,차대차,측면충돌,240,4,401,98,301,2
전북,김제시,차대차,추돌,101,2,209,35,173,1
전북,김제시,차대차,기타,21,1,25,6,18,1
전북,김제시,차량단독,전도전복,19,4,23,14,9,0
전북,김제시,차량단독,공작물충돌,7,1,13,9,4,0
전북,김제시,차량단독,주/정차차량 충돌,1,0,1,0,1,0
전북,김제시,차량단독,기타,1,0,1,1,0,0
전북,완주군,차대사람,횡단중,40,5,38,18,18,2
전북,완주군,차대사람,차도통행중,4,0,4,1,2,1
전북,완주군,차대사람,길가장자리구역통행중,8,2,6,4,2,0
전북,완주군,차대사람,보도통행중,1,0,1,0,1,0
전북,완주군,차대사람,기타,11,1,10,8,2,0
전북,완주군,차대차,정면충돌,60,2,111,28,82,1
전북,완주군,차대차,측면충돌,114,4,190,51,135,4
전북,완주군,차대차,추돌,73,6,169,32,136,1
전북,완주군,차대차,기타,42,2,68,7,59,2
전북,완주군,차량단독,전도전복,14,6,12,3,8,1
전북,완주군,차량단독,공작물충돌,6,0,9,2,7,0
전북,완주군,차량단독,도로이탈,3,0,7,3,4,0
전북,완주군,차량단독,기타,1,0,1,1,0,0
전북,진안군,차대사람,횡단중,6,1,5,4,1,0
전북,진안군,차대사람,차도통행중,2,0,2,0,2,0
전북,진안군,차대사람,기타,5,0,9,2,6,1
전북,진안군,차대차,정면충돌,13,0,29,15,13,1
전북,진안군,차대차,측면충돌,29,0,55,17,38,0
전북,진안군,차대차,추돌,17,1,41,7,30,4
전북,진안군,차대차,기타,6,0,8,2,6,0
전북,진안군,차량단독,전도전복,6,0,9,4,5,0
전북,진안군,차량단독,공작물충돌,10,0,22,16,6,0
전북,진안군,차량단독,도로이탈,3,0,4,1,3,0
전북,진안군,차량단독,도로이탈,1,0,1,1,0,0
전북,진안군,차량단독,기타,2,0,2,0,2,0
전북,무주군,차대사람,횡단중,9,1,9,7,2,0
전북,무주군,차대사람,차도통행중,2,0,2,2,0,0
전북,무주군,차대사람,길가장자리구역통행중,1,0,2,0,2,0
전북,무주군,차대사람,기타,8,0,9,5,4,0
전북,무주군,차대차,정면충돌,7,1,7,2,5,0
전북,무주군,차대차,측면충돌,43,0,64,23,41,0
전북,무주군,차대차,추돌,14,0,26,13,13,0
전북,무주군,차대차,기타,3,0,4,2,2,0
전북,무주군,차량단독,전도전복,8,1,13,7,6,0
전북,무주군,차량단독,기타,2,1,1,1,0,0
전북,장수군,차대사람,횡단중,6,0,6,3,3,0
전북,장수군,차대사람,길가장자리구역통행중,1,0,1,0,1,0
전북,장수군,차대사람,보도통행중,1,0,1,1,0,0
전북,장수군,차대사람,기타,1,0,1,0,1,0
전북,장수군,차대차,정면충돌,2,0,3,1,2,0
전북,장수군,차대차,측면충돌,26,1,50,20,29,1
전북,장수군,차대차,추돌,10,2,20,5,15,0
전북,장수군,차대차,기타,1,0,1,1,0,0
전북,장수군,차량단독,전도전복,4,1,3,2,1,0
전북,장수군,차량단독,공작물충돌,4,1,6,3,3,0
전북,장수군,차량단독,도로이탈,1,0,1,0,1,0
전북,장수군,차량단독,도로이탈,1,0,4,2,1,1
전북,장수군,차량단독,기타,2,0,2,0,2,0
전북,임실군,차대사람,횡단중,6,0,6,3,3,0
전북,임실군,차대사람,차도통행중,4,1,3,0,2,1
전북,임실군,차대사람,길가장자리구역통행중,1,0,1,1,0,0
전북,임실군,차대사람,기타,4,0,4,1,2,1
전북,임실군,차대차,정면충돌,14,1,22,8,14,0
전북,임실군,차대차,측면충돌,50,3,79,27,52,0
전북,임실군,차대차,추돌,18,5,43,16,27,0
전북,임실군,차대차,기타,6,0,7,3,4,0
전북,임실군,차량단독,전도전복,8,1,7,5,2,0
전북,임실군,차량단독,공작물충돌,1,0,1,0,1,0
전북,임실군,차량단독,도로이탈,1,0,5,3,2,0
전북,임실군,차량단독,도로이탈,1,0,4,0,4,0
전북,순창군,차대사람,횡단중,9,1,9,7,2,0
전북,순창군,차대사람,차도통행중,4,2,2,2,0,0
전북,순창군,차대사람,길가장자리구역통행중,2,0,2,0,2,0
전북,순창군,차대사람,보도통행중,1,1,1,1,0,0
전북,순창군,차대사람,기타,2,1,1,1,0,0
전북,순창군,차대차,정면충돌,13,0,21,10,10,1
전북,순창군,차대차,측면충돌,56,5,92,26,65,1
전북,순창군,차대차,추돌,15,1,24,12,12,0
전북,순창군,차대차,기타,8,0,15,5,10,0
전북,순창군,차량단독,전도전복,11,2,12,2,10,0
전북,순창군,차량단독,공작물충돌,4,0,10,6,4,0
전북,순창군,차량단독,도로이탈,1,0,1,0,1,0
전북,순창군,차량단독,기타,2,0,2,2,0,0
전북,고창군,차대사람,횡단중,16,5,13,5,8,0
전북,고창군,차대사람,차도통행중,3,1,3,3,0,0
전북,고창군,차대사람,길가장자리구역통행중,5,1,5,4,1,0
전북,고창군,차대사람,기타,10,1,9,5,4,0
전북,고창군,차대차,정면충돌,20,1,41,18,23,0
전북,고창군,차대차,측면충돌,81,6,115,56,58,1
전북,고창군,차대차,추돌,14,0,25,5,20,0
전북,고창군,차대차,기타,11,0,21,9,12,0
전북,고창군,차량단독,전도전복,14,2,14,7,6,1
전북,고창군,차량단독,공작물충돌,4,2,2,0,2,0
전북,고창군,차량단독,도로이탈,2,0,2,1,1,0
전북,부안군,차대사람,횡단중,43,5,38,17,20,1
전북,부안군,차대사람,차도통행중,3,1,2,1,0,1
전북,부안군,차대사람,길가장자리구역통행중,7,1,6,5,1,0
전북,부안군,차대사람,보도통행중,2,0,2,2,0,0
전북,부안군,차대사람,기타,4,1,3,1,2,0
전북,부안군,차대차,정면충돌,52,2,99,31,68,0
전북,부안군,차대차,측면충돌,106,1,246,50,194,2
전북,부안군,차대차,추돌,57,1,128,33,95,0
전북,부안군,차대차,기타,4,1,4,3,1,0
전북,부안군,차량단독,전도전복,36,3,44,15,26,3
전북,부안군,차량단독,공작물충돌,21,1,27,7,19,1
전북,부안군,차량단독,도로이탈,2,0,2,1,1,0
전북,부안군,차량단독,도로이탈,2,0,3,2,1,0
전북,부안군,차량단독,기타,1,0,1,0,1,0
전북,익산시,차대사람,횡단중,229,9,228,111,116,1
전북,익산시,차대사람,차도통행중,15,1,14,2,12,0
전북,익산시,차대사람,길가장자리구역통행중,14,2,13,3,10,0
전북,익산시,차대사람,보도통행중,8,0,10,2,8,0
전북,익산시,차대사람,기타,45,2,43,10,30,3
전북,익산시,차대차,정면충돌,192,3,277,52,223,2
전북,익산시,차대차,측면충돌,572,8,905,142,755,8
전북,익산시,차대차,추돌,220,4,397,34,361,2
전북,익산시,차대차,기타,58,1,83,15,67,1
전북,익산시,차량단독,전도전복,11,4,10,3,7,0
전북,익산시,차량단독,공작물충돌,11,1,19,4,15,0
전북,익산시,차량단독,도로이탈,1,0,1,1,0,0
전북,익산시,차량단독,기타,3,0,4,1,3,0
전남,목포시,차대사람,횡단중,266,8,275,117,152,6
전남,목포시,차대사람,길가장자리구역통행중,7,1,6,1,4,1
전남,목포시,차대사람,보도통행중,1,0,1,0,1,0
전남,목포시,차대사람,기타,24,0,25,6,19,0
전남,목포시,차대차,정면충돌,76,2,133,26,104,3
전남,목포시,차대차,측면충돌,608,3,1088,107,959,22
전남,목포시,차대차,추돌,240,0,466,36,423,7
전남,목포시,차대차,기타,83,2,111,17,93,1
전남,목포시,차량단독,전도전복,10,1,10,9,1,0
전남,목포시,차량단독,공작물충돌,1,0,1,1,0,0
전남,목포시,차량단독,도로이탈,1,0,2,2,0,0
전남,목포시,차량단독,기타,8,0,8,2,5,1
전남,여수시,차대사람,횡단중,249,13,259,115,140,4
전남,여수시,차대사람,차도통행중,4,0,4,1,3,0
전남,여수시,차대사람,길가장자리구역통행중,19,1,19,6,13,0
전남,여수시,차대사람,보도통행중,3,0,3,1,2,0
전남,여수시,차대사람,기타,27,1,28,7,21,0
전남,여수시,차대차,정면충돌,185,2,331,51,277,3
전남,여수시,차대차,측면충돌,424,6,692,116,565,11
전남,여수시,차대차,추돌,239,1,477,45,423,9
전남,여수시,차대차,기타,42,1,63,10,53,0
전남,여수시,차량단독,전도전복,42,2,58,21,34,3
전남,여수시,차량단독,공작물충돌,19,0,21,8,11,2
전남,여수시,차량단독,도로이탈,1,0,1,1,0,0
전남,여수시,차량단독,도로이탈,4,0,4,1,2,1
전남,여수시,차량단독,기타,13,3,10,2,8,0
전남,순천시,차대사람,횡단중,199,12,196,85,108,3
전남,순천시,차대사람,차도통행중,32,2,32,17,14,1
전남,순천시,차대사람,길가장자리구역통행중,15,1,14,3,10,1
전남,순천시,차대사람,보도통행중,9,0,9,3,6,0
전남,순천시,차대사람,기타,41,2,41,22,15,4
전남,순천시,차대차,정면충돌,81,0,132,33,97,2
전남,순천시,차대차,측면충돌,542,4,898,166,707,25
전남,순천시,차대차,추돌,207,2,388,58,321,9
전남,순천시,차대차,기타,143,4,228,57,160,11
전남,순천시,차량단독,전도전복,40,2,52,20,26,6
전남,순천시,차량단독,공작물충돌,23,1,31,15,13,3
전남,순천시,차량단독,도로이탈,4,2,3,1,0,2
전남,순천시,차량단독,도로이탈,1,0,2,1,1,0
전남,순천시,차량단독,기타,20,1,19,8,8,3
전남,순천시,철길건널목,기타,1,0,1,0,1,0
전남,나주시,차대사람,횡단중,51,1,52,25,26,1
전남,나주시,차대사람,차도통행중,9,2,7,2,5,0
전남,나주시,차대사람,길가장자리구역통행중,1,0,1,0,1,0
전남,나주시,차대사람,보도통행중,2,0,2,2,0,0
전남,나주시,차대사람,기타,19,0,20,9,11,0
전남,나주시,차대차,정면충돌,60,4,108,18,86,4
전남,나주시,차대차,측면충돌,245,3,510,72,410,28
전남,나주시,차대차,추돌,116,1,262,27,225,10
전남,나주시,차대차,기타,79,0,128,21,102,5
전남,나주시,차량단독,전도전복,30,3,31,14,13,4
전남,나주시,차량단독,공작물충돌,21,2,23,11,6,6
전남,나주시,차량단독,도로이탈,2,1,2,0,1,1
전남,나주시,차량단독,기타,10,0,11,2,8,1
전남,광양시,차대사람,횡단중,72,4,73,38,32,3
전남,광양시,차대사람,차도통행중,9,0,9,4,5,0
전남,광양시,차대사람,길가장자리구역통행중,5,0,5,3,2,0
전남,광양시,차대사람,보도통행중,2,0,2,0,2,0
전남,광양시,차대사람,기타,23,0,23,6,16,1
전남,광양시,차대차,정면충돌,18,2,38,19,18,1
전남,광양시,차대차,측면충돌,356,4,638,107,508,23
전남,광양시,차대차,추돌,135,2,242,38,200,4
전남,광양시,차대차,기타,71,0,125,15,107,3
전남,광양시,차량단독,전도전복,22,4,26,11,13,2
전남,광양시,차량단독,공작물충돌,36,0,49,13,28,8
전남,광양시,차량단독,도로이탈,1,0,1,0,1,0
전남,광양시,차량단독,도로이탈,5,0,16,5,10,1
전남,광양시,차량단독,기타,7,0,8,2,6,0
전남,담양군,차대사람,횡단중,19,4,15,11,4,0
전남,담양군,차대사람,차도통행중,1,0,1,0,1,0
전남,담양군,차대사람,길가장자리구역통행중,5,0,5,0,5,0
전남,담양군,차대사람,기타,5,1,4,1,3,0
전남,담양군,차대차,정면충돌,21,1,48,14,34,0
전남,담양군,차대차,측면충돌,122,4,253,59,188,6
전남,담양군,차대차,추돌,37,0,80,14,65,1
전남,담양군,차대차,기타,25,1,43,8,33,2
전남,담양군,차량단독,전도전복,17,4,17,11,4,2
전남,담양군,차량단독,공작물충돌,12,1,17,7,10,0
전남,담양군,차량단독,도로이탈,1,0,1,1,0,0
전남,담양군,차량단독,기타,4,0,4,4,0,0
전남,곡성군,차대사람,횡단중,9,0,9,6,3,0
전남,곡성군,차대사람,차도통행중,3,0,3,0,3,0
전남,곡성군,차대사람,길가장자리구역통행중,5,0,5,4,1,0
전남,곡성군,차대사람,기타,1,0,1,0,1,0
전남,곡성군,차대차,정면충돌,26,1,57,24,33,0
전남,곡성군,차대차,측면충돌,44,0,74,16,58,0
전남,곡성군,차대차,추돌,18,1,103,20,81,2
전남,곡성군,차대차,기타,6,0,12,2,9,1
전남,곡성군,차량단독,전도전복,14,2,14,6,7,1
전남,곡성군,차량단독,공작물충돌,3,3,2,1,1,0
전남,곡성군,차량단독,도로이탈,1,0,2,0,1,1
전남,곡성군,차량단독,기타,1,0,1,1,0,0
전남,곡성군,철길건널목,기타,1,0,1,0,1,0
전남,구례군,차대사람,횡단중,9,0,9,5,4,0
전남,구례군,차대사람,차도통행중,3,0,3,3,0,0
전남,구례군,차대사람,길가장자리구역통행중,2,0,2,0,2,0
전남,구례군,차대사람,보도통행중,1,0,1,0,1,0
전남,구례군,차대사람,기타,5,0,5,1,4,0
전남,구례군,차대차,정면충돌,11,1,22,5,16,1
전남,구례군,차대차,측면충돌,65,1,117,24,93,0
전남,구례군,차대차,추돌,16,0,37,5,31,1
전남,구례군,차대차,기타,10,0,19,5,14,0
전남,구례군,차량단독,전도전복,16,2,18,13,5,0
전남,구례군,차량단독,공작물충돌,2,2,1,0,1,0
전남,구례군,차량단독,도로이탈,1,0,1,0,1,0
전남,구례군,차량단독,도로이탈,2,0,2,1,1,0
전남,구례군,차량단독,기타,1,0,1,0,0,1
전남,고흥군,차대사람,횡단중,29,5,26,16,9,1
전남,고흥군,차대사람,차도통행중,3,0,3,2,1,0
전남,고흥군,차대사람,길가장자리구역통행중,5,0,6,4,2,0
전남,고흥군,차대사람,보도통행중,1,0,1,0,1,0
전남,고흥군,차대사람,기타,17,3,15,9,6,0
전남,고흥군,차대차,정면충돌,12,1,15,9,6,0
전남,고흥군,차대차,측면충돌,92,3,151,53,94,4
전남,고흥군,차대차,추돌,34,2,69,21,47,1
전남,고흥군,차대차,기타,38,0,41,16,23,2
전남,고흥군,차량단독,전도전복,31,3,36,25,10,1
전남,고흥군,차량단독,공작물충돌,14,1,18,7,9,2
전남,고흥군,차량단독,기타,1,0,1,1,0,0
전남,보성군,차대사람,횡단중,12,1,11,4,7,0
전남,보성군,차대사람,차도통행중,4,2,2,1,0,1
전남,보성군,차대사람,길가장자리구역통행중,6,0,6,4,2,0
전남,보성군,차대사람,보도통행중,2,0,2,0,2,0
전남,보성군,차대사람,기타,11,1,10,5,5,0
전남,보성군,차대차,정면충돌,22,1,51,19,29,3
전남,보성군,차대차,측면충돌,93,2,180,41,128,11
전남,보성군,차대차,추돌,34,2,62,15,47,0
전남,보성군,차대차,기타,10,0,12,6,5,1
전남,보성군,차량단독,전도전복,20,1,29,12,12,5
전남,보성군,차량단독,공작물충돌,7,2,8,3,2,3
전남,보성군,차량단독,도로이탈,1,0,2,2,0,0
전남,보성군,차량단독,도로이탈,2,1,2,0,2,0
전남,보성군,차량단독,기타,4,1,4,3,1,0
전남,보성군,철길건널목,기타,1,0,2,2,0,0
전남,화순군,차대사람,횡단중,25,2,25,9,16,0
전남,화순군,차대사람,차도통행중,4,0,4,2,2,0
전남,화순군,차대사람,길가장자리구역통행중,10,0,10,5,3,2
전남,화순군,차대사람,보도통행중,2,0,3,2,1,0
전남,화순군,차대사람,기타,18,1,17,9,7,1
전남,화순군,차대차,정면충돌,22,0,33,12,17,4
전남,화순군,차대차,측면충돌,95,3,182,34,137,11
전남,화순군,차대차,추돌,37,0,85,11,72,2
전남,화순군,차대차,기타,34,0,50,8,38,4
전남,화순군,차량단독,전도전복,14,1,22,15,7,0
전남,화순군,차량단독,공작물충돌,11,1,20,6,14,0
전남,화순군,차량단독,도로이탈,1,0,1,1,0,0
전남,화순군,차량단독,기타,5,1,4,1,3,0
전남,장흥군,차대사람,횡단중,22,1,22,14,8,0
전남,장흥군,차대사람,차도통행중,2,0,2,2,0,0
전남,장흥군,차대사람,길가장자리구역통행중,11,0,12,5,7,0
전남,장흥군,차대사람,기타,9,0,11,4,7,0
전남,장흥군,차대차,정면충돌,16,2,28,10,14,4
전남,장흥군,차대차,측면충돌,90,2,153,46,103,4
전남,장흥군,차대차,추돌,39,2,70,12,58,0
전남,장흥군,차대차,기타,8,0,9,4,5,0
전남,장흥군,차량단독,전도전복,33,3,41,10,30,1
전남,장흥군,차량단독,공작물충돌,6,1,10,6,3,1
전남,장흥군,차량단독,도로이탈,1,0,1,1,0,0
전남,장흥군,차량단독,도로이탈,3,0,4,2,1,1
전남,장흥군,차량단독,기타,1,1,0,0,0,0
전남,강진군,차대사람,횡단중,18,2,17,8,8,1
전남,강진군,차대사람,길가장자리구역통행중,4,0,4,0,4,0
전남,강진군,차대사람,기타,8,0,8,3,5,0
전남,강진군,차대차,정면충돌,13,0,35,12,23,0
전남,강진군,차대차,측면충돌,110,4,191,52,129,10
전남,강진군,차대차,추돌,38,0,77,11,66,0
전남,강진군,차대차,기타,38,1,56,14,37,5
전남,강진군,차량단독,전도전복,30,1,36,10,25,1
전남,강진군,차량단독,공작물충돌,7,0,8,3,4,1
전남,강진군,차량단독,도로이탈,1,0,2,2,0,0
전남,강진군,차량단독,도로이탈,2,0,3,3,0,0
전남,강진군,차량단독,기타,9,1,13,11,2,0
전남,해남군,차대사람,횡단중,34,5,31,12,18,1
전남,해남군,차대사람,차도통행중,4,1,3,2,1,0
전남,해남군,차대사람,길가장자리구역통행중,5,1,4,2,2,0
전남,해남군,차대사람,기타,6,0,7,5,2,0
전남,해남군,차대차,정면충돌,141,6,280,55,212,13
전남,해남군,차대차,측면충돌,69,2,127,19,103,5
전남,해남군,차대차,추돌,46,2,87,18,66,3
전남,해남군,차대차,기타,31,1,52,8,44,0
전남,해남군,차량단독,전도전복,40,3,48,15,31,2
전남,해남군,차량단독,공작물충돌,15,3,20,10,10,0
전남,해남군,차량단독,도로이탈,4,0,12,2,10,0
전남,해남군,차량단독,도로이탈,2,0,3,1,1,1
전남,해남군,차량단독,기타,3,0,4,2,2,0
전남,영암군,차대사람,횡단중,22,4,18,10,7,1
전남,영암군,차대사람,차도통행중,2,0,3,1,2,0
전남,영암군,차대사람,길가장자리구역통행중,4,0,5,3,2,0
전남,영암군,차대사람,보도통행중,1,0,1,1,0,0
전남,영암군,차대사람,기타,11,1,12,3,9,0
전남,영암군,차대차,정면충돌,37,2,83,27,53,3
전남,영암군,차대차,측면충돌,184,7,343,82,252,9
전남,영암군,차대차,추돌,110,4,246,31,201,14
전남,영암군,차대차,기타,24,0,31,8,23,0
전남,영암군,차량단독,전도전복,44,2,57,26,27,4
전남,영암군,차량단독,공작물충돌,16,4,19,8,10,1
전남,영암군,차량단독,도로이탈,2,1,2,1,1,0
전남,영암군,차량단독,도로이탈,1,0,1,1,0,0
전남,영암군,차량단독,기타,3,0,3,0,2,1
전남,무안군,차대사람,횡단중,33,0,35,18,17,0
전남,무안군,차대사람,차도통행중,2,0,2,1,1,0
전남,무안군,차대사람,길가장자리구역통행중,10,2,12,5,7,0
전남,무안군,차대사람,보도통행중,4,0,4,1,3,0
전남,무안군,차대사람,기타,17,1,18,7,11,0
전남,무안군,차대차,정면충돌,56,3,107,32,71,4
전남,무안군,차대차,측면충돌,142,1,320,66,243,11
전남,무안군,차대차,추돌,61,3,127,29,94,4
전남,무안군,차대차,기타,26,3,42,8,33,1
전남,무안군,차량단독,전도전복,36,2,41,14,20,7
전남,무안군,차량단독,공작물충돌,9,1,10,4,6,0
전남,무안군,차량단독,도로이탈,1,1,0,0,0,0
전남,무안군,차량단독,도로이탈,1,0,1,1,0,0
전남,무안군,차량단독,기타,1,0,2,1,1,0
전남,함평군,차대사람,횡단중,8,2,6,4,2,0
전남,함평군,차대사람,차도통행중,3,1,2,1,1,0
전남,함평군,차대사람,길가장자리구역통행중,8,1,7,4,3,0
전남,함평군,차대사람,기타,7,0,12,5,7,0
전남,함평군,차대차,정면충돌,17,1,37,4,31,2
전남,함평군,차대차,측면충돌,60,3,121,24,84,13
전남,함평군,차대차,추돌,32,3,95,8,85,2
전남,함평군,차대차,기타,5,0,6,1,5,0
전남,함평군,차량단독,전도전복,18,1,26,14,4,8
전남,함평군,차량단독,공작물충돌,5,1,10,4,3,3
전남,함평군,차량단독,도로이탈,2,0,2,0,1,1
전남,함평군,차량단독,기타,2,0,2,0,2,0
전남,영광군,차대사람,횡단중,24,1,24,14,10,0
전남,영광군,차대사람,차도통행중,3,1,2,2,0,0
전남,영광군,차대사람,길가장자리구역통행중,8,0,8,4,4,0
전남,영광군,차대사람,보도통행중,1,0,1,0,1,0
전남,영광군,차대사람,기타,11,1,11,3,8,0
전남,영광군,차대차,정면충돌,29,2,76,15,57,4
전남,영광군,차대차,측면충돌,107,2,208,46,154,8
전남,영광군,차대차,추돌,44,1,82,16,62,4
전남,영광군,차대차,기타,5,0,5,2,2,1
전남,영광군,차량단독,전도전복,18,4,18,12,5,1
전남,영광군,차량단독,공작물충돌,5,0,8,0,5,3
전남,영광군,차량단독,주/정차차량 충돌,2,0,3,1,2,0
전남,장성군,차대사람,횡단중,13,1,12,3,9,0
전남,장성군,차대사람,길가장자리구역통행중,2,0,2,1,0,1
전남,장성군,차대사람,기타,1,0,1,0,1,0
전남,장성군,차대차,정면충돌,13,0,21,2,18,1
전남,장성군,차대차,측면충돌,114,7,202,37,157,8
전남,장성군,차대차,추돌,29,2,56,9,46,1
전남,장성군,차대차,기타,28,0,34,4,28,2
전남,장성군,차량단독,전도전복,19,2,21,6,14,1
전남,장성군,차량단독,공작물충돌,4,0,6,2,4,0
전남,장성군,차량단독,기타,3,1,4,2,1,1
전남,완도군,차대사람,횡단중,21,0,21,13,8,0
전남,완도군,차대사람,차도통행중,3,0,3,3,0,0
전남,완도군,차대사람,길가장자리구역통행중,3,0,3,1,2,0
전남,완도군,차대사람,보도통행중,1,0,1,1,0,0
전남,완도군,차대사람,기타,9,1,8,5,3,0
전남,완도군,차대차,정면충돌,27,0,45,12,33,0
전남,완도군,차대차,측면충돌,50,0,98,23,71,4
전남,완도군,차대차,추돌,23,0,43,13,29,1
전남,완도군,차대차,기타,13,1,15,6,9,0
전남,완도군,차량단독,전도전복,17,8,13,9,4,0
전남,완도군,차량단독,공작물충돌,4,2,4,4,0,0
전남,완도군,차량단독,기타,2,1,2,2,0,0
전남,진도군,차대사람,횡단중,7,1,7,4,3,0
전남,진도군,차대사람,차도통행중,4,0,4,3,1,0
전남,진도군,차대사람,기타,8,0,8,3,4,1
전남,진도군,차대차,정면충돌,12,1,26,9,17,0
전남,진도군,차대차,측면충돌,24,0,31,10,20,1
전남,진도군,차대차,추돌,13,1,19,5,14,0
전남,진도군,차대차,기타,24,2,41,9,24,8
전남,진도군,차량단독,전도전복,2,0,2,1,1,0
전남,진도군,차량단독,공작물충돌,4,1,6,4,2,0
전남,진도군,차량단독,기타,3,0,3,2,1,0
전남,신안군,차대사람,횡단중,9,2,9,4,5,0
전남,신안군,차대사람,길가장자리구역통행중,2,0,2,2,0,0
전남,신안군,차대사람,기타,5,1,5,4,1,0
전남,신안군,차대차,정면충돌,11,0,20,6,13,1
전남,신안군,차대차,측면충돌,36,3,62,31,31,0
전남,신안군,차대차,추돌,15,0,22,8,14,0
전남,신안군,차대차,기타,8,1,9,5,4,0
전남,신안군,차량단독,전도전복,17,2,18,11,7,0
전남,신안군,차량단독,공작물충돌,2,0,3,2,1,0
전남,신안군,차량단독,도로이탈,1,1,1,1,0,0
전남,신안군,차량단독,도로이탈,1,0,1,1,0,0
전남,신안군,차량단독,기타,4,0,4,4,0,0
경북,포항시,차대사람,횡단중,348,19,351,192,152,7
경북,포항시,차대사람,차도통행중,33,0,33,9,23,1
경북,포항시,차대사람,길가장자리구역통행중,18,1,17,3,14,0
경북,포항시,차대사람,보도통행중,16,0,18,5,10,3
경북,포항시,차대사람,기타,88,2,89,37,45,7
경북,포항시,차대차,정면충돌,506,3,832,160,646,26
경북,포항시,차대차,측면충돌,889,5,1492,274,1139,79
경북,포항시,차대차,추돌,358,7,715,89,607,19
경북,포항시,차대차,기타,437,5,654,150,474,30
경북,포항시,차량단독,전도전복,77,7,96,35,55,6
경북,포항시,차량단독,공작물충돌,16,0,25,8,15,2
경북,포항시,차량단독,주/정차차량 충돌,3,0,3,3,0,0
경북,포항시,차량단독,도로이탈,1,0,1,0,1,0
경북,포항시,차량단독,기타,22,0,23,8,12,3
경북,경주시,차대사람,횡단중,145,14,136,70,63,3
경북,경주시,차대사람,차도통행중,21,0,21,8,11,2
경북,경주시,차대사람,길가장자리구역통행중,46,4,42,17,20,5
경북,경주시,차대사람,보도통행중,7,0,8,2,5,1
경북,경주시,차대사람,기타,67,5,71,35,31,5
경북,경주시,차대차,정면충돌,138,3,262,87,154,21
경북,경주시,차대차,측면충돌,681,6,1097,315,717,65
경북,경주시,차대차,추돌,310,7,633,144,441,48
경북,경주시,차대차,기타,161,13,273,89,174,10
경북,경주시,차량단독,전도전복,102,4,136,70,51,15
경북,경주시,차량단독,공작물충돌,13,2,24,15,9,0
경북,경주시,차량단독,도로이탈,2,0,2,1,1,0
경북,경주시,차량단독,기타,22,0,28,12,11,5
경북,김천시,차대사람,횡단중,62,4,61,34,27,0
경북,김천시,차대사람,차도통행중,14,2,13,8,5,0
경북,김천시,차대사람,길가장자리구역통행중,11,0,11,5,6,0
경북,김천시,차대사람,보도통행중,5,0,5,2,3,0
경북,김천시,차대사람,기타,35,2,35,18,17,0
경북,김천시,차대차,정면충돌,73,1,114,41,73,0
경북,김천시,차대차,측면충돌,213,4,308,91,214,3
경북,김천시,차대차,추돌,83,5,151,37,112,2
경북,김천시,차대차,기타,29,2,49,15,32,2
경북,김천시,차량단독,전도전복,37,1,47,17,25,5
경북,김천시,차량단독,공작물충돌,2,1,4,3,0,1
경북,김천시,차량단독,기타,1,1,0,0,0,0
경북,안동시,차대사람,횡단중,111,10,111,54,54,3
경북,안동시,차대사람,차도통행중,3,1,2,0,2,0
경북,안동시,차대사람,길가장자리구역통행중,32,1,33,11,18,4
경북,안동시,차대사람,보도통행중,34,0,35,20,14,1
경북,안동시,차대사람,기타,38,1,44,20,21,3
경북,안동시,차대차,정면충돌,307,3,549,143,392,14
경북,안동시,차대차,측면충돌,267,2,443,106,320,17
경북,안동시,차대차,추돌,140,4,256,50,198,8
경북,안동시,차대차,기타,46,1,74,15,49,10
경북,안동시,차량단독,전도전복,54,13,64,38,20,6
경북,안동시,차량단독,공작물충돌,19,2,24,10,14,0
경북,안동시,차량단독,기타,9,0,44,18,7,19
경북,구미시,차대사람,횡단중,241,12,244,117,114,13
경북,구미시,차대사람,차도통행중,5,0,5,2,3,0
경북,구미시,차대사람,길가장자리구역통행중,7,0,7,3,4,0
경북,구미시,차대사람,보도통행중,4,0,5,0,5,0
경북,구미시,차대사람,기타,52,1,56,21,30,5
경북,구미시,차대차,정면충돌,164,1,249,72,163,14
경북,구미시,차대차,측면충돌,743,6,1162,299,763,100
경북,구미시,차대차,추돌,343,10,670,113,523,34
경북,구미시,차대차,기타,352,4,511,130,332,49
경북,구미시,차량단독,전도전복,63,5,70,19,27,24
경북,구미시,차량단독,공작물충돌,12,0,15,6,7,2
경북,구미시,차량단독,도로이탈,1,0,1,0,1,0
경북,구미시,차량단독,기타,5,1,4,1,1,2
경북,영주시,차대사람,횡단중,95,3,99,55,41,3
경북,영주시,차대사람,차도통행중,9,0,9,4,5,0
경북,영주시,차대사람,길가장자리구역통행중,3,0,3,0,3,0
경북,영주시,차대사람,보도통행중,4,0,4,0,4,0
경북,영주시,차대사람,기타,13,2,12,3,9,0
경북,영주시,차대차,정면충돌,50,0,92,28,58,6
경북,영주시,차대차,측면충돌,301,2,462,125,321,16
경북,영주시,차대차,추돌,102,1,178,40,133,5
경북,영주시,차대차,기타,14,0,20,8,11,1
경북,영주시,차량단독,전도전복,18,3,22,12,9,1
경북,영주시,차량단독,공작물충돌,2,0,2,0,1,1
경북,영주시,차량단독,기타,3,0,3,0,3,0
경북,영천시,차대사람,횡단중,70,8,66,40,25,1
경북,영천시,차대사람,차도통행중,3,0,3,1,1,1
경북,영천시,차대사람,길가장자리구역통행중,20,1,21,8,12,1
경북,영천시,차대사람,기타,29,4,27,11,15,1
경북,영천시,차대차,정면충돌,83,2,167,56,108,3
경북,영천시,차대차,측면충돌,261,1,454,92,350,12
경북,영천시,차대차,추돌,130,2,227,42,171,14
경북,영천시,차대차,기타,25,0,35,13,22,0
경북,영천시,차량단독,전도전복,36,3,54,20,31,3
경북,영천시,차량단독,공작물충돌,9,2,12,6,5,1
경북,영천시,차량단독,주/정차차량 충돌,1,0,1,0,0,1
경북,영천시,차량단독,도로이탈,1,0,6,1,0,5
경북,영천시,차량단독,기타,3,0,22,8,13,1
경북,문경시,차대사람,횡단중,34,3,33,15,18,0
경북,문경시,차대사람,차도통행중,4,0,4,2,2,0
경북,문경시,차대사람,길가장자리구역통행중,5,0,5,2,3,0
경북,문경시,차대사람,보도통행중,2,1,1,1,0,0
경북,문경시,차대사람,기타,18,0,18,4,14,0
경북,문경시,차대차,정면충돌,46,1,79,22,54,3
경북,문경시,차대차,측면충돌,172,2,288,69,210,9
경북,문경시,차대차,추돌,46,3,105,25,76,4
경북,문경시,차대차,기타,83,1,138,38,91,9
경북,문경시,차량단독,전도전복,39,5,46,19,23,4
경북,문경시,차량단독,공작물충돌,5,1,6,5,1,0
경북,문경시,차량단독,도로이탈,3,1,13,10,3,0
경북,문경시,차량단독,기타,2,0,3,1,2,0
경북,문경시,철길건널목,기타,1,0,2,2,0,0
경북,상주시,차대사람,횡단중,40,2,38,25,12,1
경북,상주시,차대사람,차도통행중,10,0,11,4,7,0
경북,상주시,차대사람,길가장자리구역통행중,10,0,10,8,2,0
경북,상주시,차대사람,보도통행중,2,0,2,1,1,0
경북,상주시,차대사람,기타,16,0,16,6,9,1
경북,상주시,차대차,정면충돌,47,3,74,38,36,0
경북,상주시,차대차,측면충돌,263,9,392,146,243,3
경북,상주시,차대차,추돌,118,8,216,65,148,3
경북,상주시,차대차,기타,22,0,24,12,12,0
경북,상주시,차량단독,전도전복,25,1,28,14,13,1
경북,상주시,차량단독,공작물충돌,18,3,28,15,10,3
경북,상주시,차량단독,도로이탈,4,0,4,1,3,0
경북,상주시,차량단독,도로이탈,3,0,4,2,2,0
경북,상주시,차량단독,기타,7,0,7,5,2,0
경북,군위군,차대사람,횡단중,3,2,1,1,0,0
경북,군위군,차대사람,차도통행중,3,2,1,1,0,0
경북,군위군,차대사람,길가장자리구역통행중,4,2,2,2,0,0
경북,군위군,차대사람,기타,2,0,2,2,0,0
경북,군위군,차대차,정면충돌,16,2,19,9,8,2
경북,군위군,차대차,측면충돌,21,1,35,18,12,5
경북,군위군,차대차,추돌,21,5,29,8,17,4
경북,군위군,차대차,기타,33,1,42,21,18,3
경북,군위군,차량단독,전도전복,10,1,9,3,6,0
경북,군위군,차량단독,공작물충돌,2,1,1,1,0,0
경북,군위군,차량단독,도로이탈,1,0,13,2,11,0
경북,군위군,차량단독,기타,1,1,0,0,0,0
경북,의성군,차대사람,횡단중,20,2,19,14,5,0
경북,의성군,차대사람,차도통행중,3,0,4,2,2,0
경북,의성군,차대사람,길가장자리구역통행중,7,1,6,4,2,0
경북,의성군,차대사람,기타,10,1,10,6,4,0
경북,의성군,차대차,정면충돌,29,5,49,25,23,1
경북,의성군,차대차,측면충돌,96,2,134,54,78,2
경북,의성군,차대차,추돌,29,1,51,20,31,0
경북,의성군,차대차,기타,11,4,10,3,7,0
경북,의성군,차량단독,전도전복,32,5,37,20,16,1
경북,의성군,차량단독,공작물충돌,3,1,2,1,0,1
경북,의성군,차량단독,도로이탈,1,0,1,1,0,0
경북,청송군,차대사람,횡단중,3,0,3,2,1,0
경북,청송군,차대사람,길가장자리구역통행중,1,0,1,1,0,0
경북,청송군,차대사람,기타,4,0,4,4,0,0
경북,청송군,차대차,정면충돌,24,3,45,23,21,1
경북,청송군,차대차,측면충돌,36,0,56,24,31,1
경북,청송군,차대차,추돌,11,1,15,4,11,0
경북,청송군,차대차,기타,6,2,6,2,3,1
경북,청송군,차량단독,전도전복,13,1,22,13,9,0
경북,청송군,차량단독,공작물충돌,5,1,6,4,2,0
경북,청송군,차량단독,도로이탈,1,0,4,4,0,0
경북,청송군,차량단독,도로이탈,2,0,2,2,0,0
경북,영양군,차대사람,횡단중,11,2,9,6,3,0
경북,영양군,차대사람,기타,1,0,1,0,1,0
경북,영양군,차대차,정면충돌,12,0,24,14,9,1
경북,영양군,차대차,측면충돌,18,0,27,15,11,1
경북,영양군,차대차,추돌,12,1,17,6,11,0
경북,영양군,차대차,기타,7,0,9,3,6,0
경북,영양군,차량단독,전도전복,15,2,24,13,10,1
경북,영양군,차량단독,공작물충돌,5,0,5,0,5,0
경북,영덕군,차대사람,횡단중,20,3,18,11,7,0
경북,영덕군,차대사람,차도통행중,1,1,0,0,0,0
경북,영덕군,차대사람,길가장자리구역통행중,14,1,14,8,6,0
경북,영덕군,차대사람,기타,12,2,12,6,6,0
경북,영덕군,차대차,정면충돌,34,4,58,17,40,1
경북,영덕군,차대차,측면충돌,88,1,180,50,128,2
경북,영덕군,차대차,추돌,58,1,149,42,103,4
경북,영덕군,차대차,기타,9,1,8,3,5,0
경북,영덕군,차량단독,전도전복,13,0,21,15,5,1
경북,영덕군,차량단독,공작물충돌,5,2,3,1,2,0
경북,영덕군,차량단독,도로이탈,1,1,0,0,0,0
경북,청도군,차대사람,횡단중,5,0,5,2,3,0
경북,청도군,차대사람,차도통행중,6,1,5,3,2,0
경북,청도군,차대사람,길가장자리구역통행중,3,0,3,1,2,0
경북,청도군,차대사람,기타,9,3,9,6,3,0
경북,청도군,차대차,정면충돌,20,0,41,9,31,1
경북,청도군,차대차,측면충돌,74,3,131,43,86,2
경북,청도군,차대차,추돌,24,4,48,16,32,0
경북,청도군,차대차,기타,13,0,20,6,12,2
경북,청도군,차량단독,전도전복,19,5,17,8,9,0
경북,청도군,차량단독,공작물충돌,4,2,2,0,2,0
경북,청도군,차량단독,주/정차차량 충돌,2,0,2,1,1,0
경북,청도군,차량단독,도로이탈,1,1,0,0,0,0
경북,청도군,차량단독,도로이탈,1,0,2,1,1,0
경북,청도군,차량단독,기타,2,0,2,0,2,0
경북,고령군,차대사람,횡단중,15,2,14,4,9,1
경북,고령군,차대사람,차도통행중,1,0,1,0,1,0
경북,고령군,차대사람,길가장자리구역통행중,11,1,10,7,2,1
경북,고령군,차대사람,기타,4,0,5,2,3,0
경북,고령군,차대차,정면충돌,13,1,18,6,12,0
경북,고령군,차대차,측면충돌,95,3,133,35,95,3
경북,고령군,차대차,추돌,29,0,48,16,32,0
경북,고령군,차대차,기타,16,0,18,8,10,0
경북,고령군,차량단독,전도전복,11,0,14,6,8,0
경북,고령군,차량단독,공작물충돌,14,1,15,9,6,0
경북,고령군,차량단독,기타,5,1,6,4,2,0
경북,성주군,차대사람,횡단중,17,2,15,12,3,0
경북,성주군,차대사람,차도통행중,1,0,1,1,0,0
경북,성주군,차대사람,길가장자리구역통행중,5,0,5,2,2,1
경북,성주군,차대사람,기타,10,2,9,5,4,0
경북,성주군,차대차,정면충돌,50,2,90,36,54,0
경북,성주군,차대차,측면충돌,81,1,126,48,78,0
경북,성주군,차대차,추돌,33,5,60,22,38,0
경북,성주군,차대차,기타,13,2,16,8,8,0
경북,성주군,차량단독,전도전복,21,4,23,11,12,0
경북,성주군,차량단독,공작물충돌,13,6,14,9,5,0
경북,성주군,차량단독,도로이탈,1,1,0,0,0,0
경북,성주군,차량단독,도로이탈,3,0,6,4,2,0
경북,성주군,차량단독,기타,1,0,1,0,1,0
경북,칠곡군,차대사람,횡단중,39,2,40,25,11,4
경북,칠곡군,차대사람,차도통행중,1,0,1,1,0,0
경북,칠곡군,차대사람,길가장자리구역통행중,7,0,7,4,0,3
경북,칠곡군,차대사람,보도통행중,6,1,8,1,7,0
경북,칠곡군,차대사람,기타,37,1,38,14,20,4
경북,칠곡군,차대차,정면충돌,143,0,248,76,125,47
경북,칠곡군,차대차,측면충돌,219,2,385,74,227,84
경북,칠곡군,차대차,추돌,145,5,313,65,220,28
경북,칠곡군,차대차,기타,64,3,79,23,45,11
경북,칠곡군,차량단독,전도전복,66,5,96,27,29,40
경북,칠곡군,차량단독,공작물충돌,14,2,24,7,9,8
경북,칠곡군,차량단독,도로이탈,1,0,2,0,2,0
경북,칠곡군,차량단독,기타,6,2,4,3,0,1
경북,예천군,차대사람,횡단중,22,1,23,17,6,0
경북,예천군,차대사람,차도통행중,1,1,0,0,0,0
경북,예천군,차대사람,길가장자리구역통행중,4,0,4,3,1,0
경북,예천군,차대사람,기타,4,1,3,2,1,0
경북,예천군,차대차,정면충돌,18,1,36,26,10,0
경북,예천군,차대차,측면충돌,74,3,115,78,36,1
경북,예천군,차대차,추돌,21,1,34,16,18,0
경북,예천군,차대차,기타,4,0,6,2,4,0
경북,예천군,차량단독,전도전복,12,4,10,6,4,0
경북,예천군,차량단독,공작물충돌,9,4,5,2,3,0
경북,예천군,차량단독,도로이탈,2,1,4,3,1,0
경북,예천군,차량단독,도로이탈,1,1,0,0,0,0
경북,예천군,차량단독,기타,2,1,1,1,0,0
경북,봉화군,차대사람,횡단중,6,0,6,3,2,1
경북,봉화군,차대사람,차도통행중,1,0,2,0,2,0
경북,봉화군,차대사람,길가장자리구역통행중,4,0,4,2,2,0
경북,봉화군,차대사람,기타,11,1,11,3,6,2
경북,봉화군,차대차,정면충돌,32,1,81,32,42,7
경북,봉화군,차대차,측면충돌,27,1,47,16,26,5
경북,봉화군,차대차,추돌,21,0,44,7,34,3
경북,봉화군,차대차,기타,23,0,31,9,20,2
경북,봉화군,차량단독,전도전복,23,2,30,17,10,3
경북,봉화군,차량단독,공작물충돌,3,2,1,0,1,0
경북,봉화군,차량단독,기타,1,0,1,0,1,0
경북,울진군,차대사람,횡단중,21,3,18,13,3,2
경북,울진군,차대사람,길가장자리구역통행중,15,0,16,10,5,1
경북,울진군,차대사람,보도통행중,2,0,2,2,0,0
경북,울진군,차대사람,기타,4,0,4,3,1,0
경북,울진군,차대차,정면충돌,20,0,43,17,24,2
경북,울진군,차대차,측면충돌,70,2,108,38,65,5
경북,울진군,차대차,추돌,32,2,49,13,35,1
경북,울진군,차대차,기타,7,0,8,4,2,2
경북,울진군,차량단독,전도전복,29,0,32,16,15,1
경북,울진군,차량단독,공작물충돌,5,0,5,1,4,0
경북,울진군,차량단독,기타,1,0,1,0,1,0
경북,울릉군,차대사람,기타,2,0,2,2,0,0
경북,울릉군,차대차,정면충돌,5,0,7,0,6,1
경북,울릉군,차대차,측면충돌,1,0,1,1,0,0
경북,울릉군,차대차,추돌,2,0,2,0,1,1
경북,울릉군,차대차,기타,3,0,6,1,5,0
경북,울릉군,차량단독,전도전복,2,1,1,1,0,0
경북,울릉군,차량단독,공작물충돌,2,0,2,0,1,1
경북,울릉군,차량단독,기타,1,0,1,0,0,1
경북,경산시,차대사람,횡단중,178,9,190,85,99,6
경북,경산시,차대사람,차도통행중,12,1,11,1,9,1
경북,경산시,차대사람,길가장자리구역통행중,15,0,15,3,11,1
경북,경산시,차대사람,보도통행중,8,0,9,2,7,0
경북,경산시,차대사람,기타,87,3,92,38,50,4
경북,경산시,차대차,정면충돌,324,2,500,142,350,8
경북,경산시,차대차,측면충돌,314,3,480,102,363,15
경북,경산시,차대차,추돌,158,1,276,41,221,14
경북,경산시,차대차,기타,258,4,376,86,280,10
경북,경산시,차량단독,전도전복,34,5,33,18,13,2
경북,경산시,차량단독,공작물충돌,14,1,14,3,11,0
경북,경산시,차량단독,기타,9,0,10,5,5,0
경남,진주시,차대사람,횡단중,237,8,240,164,72,4
경남,진주시,차대사람,차도통행중,7,1,7,3,4,0
경남,진주시,차대사람,길가장자리구역통행중,7,0,8,4,4,0
경남,진주시,차대사람,보도통행중,8,0,8,6,2,0
경남,진주시,차대사람,기타,45,2,44,26,15,3
경남,진주시,차대차,정면충돌,71,1,116,70,44,2
경남,진주시,차대차,측면충돌,341,6,489,248,222,19
경남,진주시,차대차,추돌,118,5,205,97,103,5
경남,진주시,차대차,기타,52,0,84,37,45,2
경남,진주시,차량단독,전도전복,21,4,22,10,10,2
경남,진주시,차량단독,공작물충돌,5,1,6,4,2,0
경남,진주시,차량단독,기타,16,1,17,10,7,0
경남,통영시,차대사람,횡단중,148,7,147,92,52,3
경남,통영시,차대사람,차도통행중,11,1,10,6,4,0
경남,통영시,차대사람,길가장자리구역통행중,10,0,11,5,6,0
경남,통영시,차대사람,보도통행중,2,0,2,1,1,0
경남,통영시,차대사람,기타,34,0,36,21,15,0
경남,통영시,차대차,정면충돌,48,1,106,32,70,4
경남,통영시,차대차,측면충돌,263,0,435,139,283,13
경남,통영시,차대차,추돌,163,1,305,65,230,10
경남,통영시,차대차,기타,32,0,35,7,28,0
경남,통영시,차량단독,전도전복,17,1,20,10,6,4
경남,통영시,차량단독,공작물충돌,7,1,7,5,2,0
경남,통영시,차량단독,도로이탈,1,0,1,1,0,0
경남,김해시,차대사람,횡단중,279,10,299,180,112,7
경남,김해시,차대사람,차도통행중,16,0,18,7,10,1
경남,김해시,차대사람,길가장자리구역통행중,34,2,32,17,14,1
경남,김해시,차대사람,보도통행중,11,0,13,6,7,0
경남,김해시,차대사람,기타,83,3,84,37,44,3
경남,김해시,차대차,정면충돌,165,2,280,104,168,8
경남,김해시,차대차,측면충돌,789,8,1201,447,697,57
경남,김해시,차대차,추돌,350,5,678,186,441,51
경남,김해시,차대차,기타,336,4,506,153,331,22
경남,김해시,차량단독,전도전복,70,6,77,41,21,15
경남,김해시,차량단독,공작물충돌,19,4,25,14,11,0
경남,김해시,차량단독,기타,9,0,9,5,3,1
경남,밀양시,차대사람,횡단중,79,3,82,46,32,4
경남,밀양시,차대사람,차도통행중,8,0,8,6,2,0
경남,밀양시,차대사람,길가장자리구역통행중,9,1,9,3,6,0
경남,밀양시,차대사람,기타,8,0,8,6,2,0
경남,밀양시,차대차,정면충돌,84,3,134,49,81,4
경남,밀양시,차대차,측면충돌,171,3,245,88,148,9
경남,밀양시,차대차,추돌,93,1,185,45,123,17
경남,밀양시,차대차,기타,13,0,27,12,15,0
경남,밀양시,차량단독,전도전복,14,3,12,11,1,0
경남,밀양시,차량단독,공작물충돌,6,3,6,3,3,0
경남,밀양시,차량단독,도로이탈,1,1,0,0,0,0
경남,밀양시,차량단독,기타,2,0,2,1,1,0
경남,거제시,차대사람,횡단중,167,6,169,84,78,7
경남,거제시,차대사람,차도통행중,17,0,18,8,9,1
경남,거제시,차대사람,길가장자리구역통행중,2,0,2,2,0,0
경남,거제시,차대사람,보도통행중,7,1,8,6,1,1
경남,거제시,차대사람,기타,63,2,64,29,32,3
경남,거제시,차대차,정면충돌,166,6,298,103,194,1
경남,거제시,차대차,측면충돌,295,3,425,130,288,7
경남,거제시,차대차,추돌,174,1,325,96,226,3
경남,거제시,차대차,기타,194,1,261,71,186,4
경남,거제시,차량단독,전도전복,20,5,27,12,10,5
경남,거제시,차량단독,공작물충돌,8,1,11,9,2,0
경남,거제시,차량단독,기타,2,0,2,0,2,0
경남,의령군,차대사람,횡단중,7,0,8,5,2,1
경남,의령군,차대사람,차도통행중,4,0,4,1,2,1
경남,의령군,차대사람,길가장자리구역통행중,1,0,2,0,2,0
경남,의령군,차대사람,기타,3,1,2,0,1,1
경남,의령군,차대차,정면충돌,11,0,13,6,7,0
경남,의령군,차대차,측면충돌,54,3,95,44,41,10
경남,의령군,차대차,추돌,17,1,28,10,13,5
경남,의령군,차대차,기타,8,0,14,4,9,1
경남,의령군,차량단독,전도전복,12,1,14,8,4,2
경남,의령군,차량단독,공작물충돌,3,1,3,1,1,1
경남,의령군,차량단독,도로이탈,2,0,2,1,0,1
경남,함안군,차대사람,횡단중,22,3,20,14,6,0
경남,함안군,차대사람,차도통행중,1,0,1,1,0,0
경남,함안군,차대사람,길가장자리구역통행중,3,0,3,3,0,0
경남,함안군,차대사람,보도통행중,2,0,2,2,0,0
경남,함안군,차대사람,기타,9,3,6,2,4,0
경남,함안군,차대차,정면충돌,15,0,22,10,12,0
경남,함안군,차대차,측면충돌,117,4,170,46,122,2
경남,함안군,차대차,추돌,50,5,95,31,62,2
경남,함안군,차대차,기타,22,1,39,15,23,1
경남,함안군,차량단독,전도전복,10,3,7,5,2,0
경남,함안군,차량단독,공작물충돌,4,1,3,3,0,0
경남,함안군,차량단독,주/정차차량 충돌,1,0,1,1,0,0
경남,함안군,차량단독,도로이탈,1,1,0,0,0,0
경남,함안군,차량단독,기타,2,0,2,2,0,0
경남,창녕군,차대사람,횡단중,39,6,37,27,9,1
경남,창녕군,차대사람,길가장자리구역통행중,1,0,1,1,0,0
경남,창녕군,차대사람,기타,18,1,20,12,6,2
경남,창녕군,차대차,정면충돌,21,2,34,23,9,2
경남,창녕군,차대차,측면충돌,101,3,164,69,87,8
경남,창녕군,차대차,추돌,70,6,122,51,61,10
경남,창녕군,차대차,기타,73,2,119,52,60,7
경남,창녕군,차량단독,전도전복,20,1,26,15,6,5
경남,창녕군,차량단독,공작물충돌,8,0,8,4,3,1
경남,창녕군,차량단독,도로이탈,3,1,2,2,0,0
경남,창녕군,차량단독,도로이탈,1,1,0,0,0,0
경남,창녕군,차량단독,기타,8,1,7,3,3,1
경남,양산시,차대사람,횡단중,199,9,201,101,84,16
경남,양산시,차대사람,차도통행중,9,0,9,3,6,0
경남,양산시,차대사람,길가장자리구역통행중,10,0,10,4,6,0
경남,양산시,차대사람,보도통행중,2,0,2,1,1,0
경남,양산시,차대사람,기타,35,0,37,14,18,5
경남,양산시,차대차,정면충돌,355,3,580,121,387,72
경남,양산시,차대차,측면충돌,382,6,604,150,364,90
경남,양산시,차대차,추돌,102,1,204,41,117,46
경남,양산시,차대차,기타,101,1,133,23,90,20
경남,양산시,차량단독,전도전복,42,1,47,19,16,12
경남,양산시,차량단독,공작물충돌,6,1,11,4,4,3
경남,양산시,차량단독,기타,7,0,8,4,4,0
경남,고성군,차대사람,횡단중,36,7,30,21,9,0
경남,고성군,차대사람,길가장자리구역통행중,16,1,17,13,4,0
경남,고성군,차대사람,보도통행중,1,0,1,1,0,0
경남,고성군,차대사람,기타,5,0,5,3,2,0
경남,고성군,차대차,정면충돌,27,1,41,17,23,1
경남,고성군,차대차,측면충돌,85,2,125,52,73,0
경남,고성군,차대차,추돌,49,5,82,27,55,0
경남,고성군,차대차,기타,6,0,11,4,7,0
경남,고성군,차량단독,전도전복,9,2,10,9,1,0
경남,고성군,차량단독,공작물충돌,5,3,4,2,2,0
경남,사천시,차대사람,횡단중,57,4,58,35,18,5
경남,사천시,차대사람,차도통행중,26,2,27,13,9,5
경남,사천시,차대사람,길가장자리구역통행중,7,0,8,3,5,0
경남,사천시,차대사람,기타,21,1,21,12,9,0
경남,사천시,차대차,정면충돌,85,1,142,31,85,26
경남,사천시,차대차,측면충돌,242,0,414,107,237,70
경남,사천시,차대차,추돌,94,2,212,50,128,34
경남,사천시,차대차,기타,15,0,15,5,9,1
경남,사천시,차량단독,전도전복,24,1,39,18,15,6
경남,사천시,차량단독,공작물충돌,4,0,5,0,5,0
경남,사천시,차량단독,도로이탈,1,0,1,0,1,0
경남,사천시,차량단독,기타,3,0,4,1,2,1
경남,남해군,차대사람,횡단중,17,4,15,9,5,1
경남,남해군,차대사람,차도통행중,2,1,2,1,0,1
경남,남해군,차대사람,길가장자리구역통행중,8,0,9,9,0,0
경남,남해군,차대사람,기타,18,1,17,12,4,1
경남,남해군,차대차,정면충돌,27,1,55,22,19,14
경남,남해군,차대차,측면충돌,63,0,106,38,54,14
경남,남해군,차대차,추돌,27,0,68,24,35,9
경남,남해군,차대차,기타,2,0,2,2,0,0
경남,남해군,차량단독,전도전복,28,3,34,13,14,7
경남,남해군,차량단독,공작물충돌,5,0,7,0,5,2
경남,남해군,차량단독,도로이탈,1,0,1,0,0,1
경남,남해군,차량단독,기타,2,0,2,0,2,0
경남,하동군,차대사람,횡단중,13,2,11,9,1,1
경남,하동군,차대사람,차도통행중,5,1,4,4,0,0
경남,하동군,차대사람,길가장자리구역통행중,5,0,5,2,3,0
경남,하동군,차대사람,기타,13,0,14,8,5,1
경남,하동군,차대차,정면충돌,19,0,37,14,21,2
경남,하동군,차대차,측면충돌,58,1,92,39,46,7
경남,하동군,차대차,추돌,22,1,36,10,26,0
경남,하동군,차대차,기타,12,4,12,3,8,1
경남,하동군,차량단독,전도전복,12,2,23,13,10,0
경남,하동군,차량단독,공작물충돌,3,1,3,2,1,0
경남,하동군,차량단독,도로이탈,1,0,1,1,0,0
경남,하동군,차량단독,도로이탈,1,1,0,0,0,0
경남,산청군,차대사람,횡단중,4,1,3,1,2,0
경남,산청군,차대사람,차도통행중,4,1,3,1,2,0
경남,산청군,차대사람,길가장자리구역통행중,2,0,2,1,1,0
경남,산청군,차대사람,기타,7,0,7,5,0,2
경남,산청군,차대차,정면충돌,11,2,27,15,9,3
경남,산청군,차대차,측면충돌,62,1,100,42,41,17
경남,산청군,차대차,추돌,34,0,60,20,34,6
경남,산청군,차대차,기타,4,1,4,1,3,0
경남,산청군,차량단독,전도전복,29,1,45,30,9,6
경남,산청군,차량단독,기타,2,0,2,1,0,1
경남,함양군,차대사람,횡단중,14,0,15,11,4,0
경남,함양군,차대사람,차도통행중,6,1,5,3,2,0
경남,함양군,차대사람,길가장자리구역통행중,7,0,7,5,2,0
경남,함양군,차대사람,보도통행중,1,0,1,0,0,1
경남,함양군,차대사람,기타,2,0,2,2,0,0
경남,함양군,차대차,정면충돌,30,0,49,17,21,11
경남,함양군,차대차,측면충돌,67,1,92,31,40,21
경남,함양군,차대차,추돌,25,1,45,20,19,6
경남,함양군,차대차,기타,4,0,6,5,1,0
경남,함양군,차량단독,전도전복,25,4,31,14,13,4
경남,함양군,차량단독,공작물충돌,7,0,10,3,2,5
경남,함양군,차량단독,도로이탈,2,0,2,0,2,0
경남,함양군,차량단독,기타,2,0,2,0,2,0
경남,거창군,차대사람,횡단중,27,1,26,17,9,0
경남,거창군,차대사람,차도통행중,1,0,1,1,0,0
경남,거창군,차대사람,길가장자리구역통행중,1,1,0,0,0,0
경남,거창군,차대사람,보도통행중,2,0,2,2,0,0
경남,거창군,차대사람,기타,6,0,6,4,2,0
경남,거창군,차대차,정면충돌,50,2,72,39,32,1
경남,거창군,차대차,측면충돌,87,2,117,67,45,5
경남,거창군,차대차,추돌,41,3,56,29,26,1
경남,거창군,차대차,기타,33,1,42,24,15,3
경남,거창군,차량단독,전도전복,10,2,9,2,5,2
경남,거창군,차량단독,공작물충돌,3,0,3,2,1,0
경남,거창군,차량단독,기타,3,0,12,11,1,0
경남,합천군,차대사람,횡단중,20,3,17,11,6,0
경남,합천군,차대사람,차도통행중,1,0,1,0,1,0
경남,합천군,차대사람,길가장자리구역통행중,2,0,3,0,3,0
경남,합천군,차대사람,보도통행중,1,0,1,1,0,0
경남,합천군,차대사람,기타,8,2,6,4,1,1
경남,합천군,차대차,정면충돌,31,1,56,27,27,2
경남,합천군,차대차,측면충돌,50,2,72,20,49,3
경남,합천군,차대차,추돌,28,1,48,16,31,1
경남,합천군,차대차,기타,7,0,9,4,5,0
경남,합천군,차량단독,전도전복,17,3,19,13,6,0
경남,합천군,차량단독,공작물충돌,10,2,12,6,6,0
경남,합천군,차량단독,도로이탈,1,0,1,1,0,0
경남,합천군,차량단독,기타,4,0,5,4,1,0
경남,창원시(통합),차대사람,횡단중,466,24,460,266,184,10
경남,창원시(통합),차대사람,차도통행중,126,0,131,62,68,1
경남,창원시(통합),차대사람,길가장자리구역통행중,49,0,51,13,34,4
경남,창원시(통합),차대사람,보도통행중,15,1,14,4,9,1
경남,창원시(통합),차대사람,기타,148,6,151,67,76,8
경남,창원시(통합),차대차,정면충돌,185,5,321,102,207,12
경남,창원시(통합),차대차,측면충돌,1145,16,1712,474,1170,68
경남,창원시(통합),차대차,추돌,607,3,1124,209,881,34
경남,창원시(통합),차대차,기타,241,5,332,97,225,10
경남,창원시(통합),차량단독,전도전복,57,5,72,37,32,3
경남,창원시(통합),차량단독,공작물충돌,34,6,39,18,18,3
경남,창원시(통합),차량단독,주/정차차량 충돌,2,0,2,0,1,1
경남,창원시(통합),차량단독,도로이탈,2,1,1,0,1,0
경남,창원시(통합),차량단독,도로이탈,1,0,7,2,5,0
경남,창원시(통합),차량단독,기타,45,3,43,23,18,2
제주,제주시,차대사람,횡단중,464,16,481,192,267,22
제주,제주시,차대사람,차도통행중,44,2,43,14,25,4
제주,제주시,차대사람,길가장자리구역통행중,60,0,63,18,39,6
제주,제주시,차대사람,보도통행중,24,0,26,9,16,1
제주,제주시,차대사람,기타,177,5,181,51,113,17
제주,제주시,차대차,정면충돌,494,7,862,196,614,52
제주,제주시,차대차,측면충돌,823,5,1348,210,943,195
제주,제주시,차대차,추돌,510,2,976,118,744,114
제주,제주시,차대차,기타,386,2,584,96,415,73
제주,제주시,차량단독,전도전복,112,1,159,46,76,37
제주,제주시,차량단독,공작물충돌,50,4,66,18,31,17
제주,제주시,차량단독,도로이탈,3,0,5,1,2,2
제주,제주시,차량단독,도로이탈,3,0,4,1,1,2
제주,제주시,차량단독,기타,21,0,25,10,13,2
제주,서귀포시,차대사람,횡단중,130,14,127,62,58,7
제주,서귀포시,차대사람,차도통행중,4,0,4,1,3,0
제주,서귀포시,차대사람,길가장자리구역통행중,8,0,8,4,3,1
제주,서귀포시,차대사람,보도통행중,3,0,3,0,3,0
제주,서귀포시,차대사람,기타,82,1,87,38,39,10
제주,서귀포시,차대차,정면충돌,72,1,120,40,71,9
제주,서귀포시,차대차,측면충돌,352,3,624,187,380,57
제주,서귀포시,차대차,추돌,194,5,422,78,308,36
제주,서귀포시,차대차,기타,277,4,464,130,255,79
제주,서귀포시,차량단독,전도전복,67,6,98,35,48,15
제주,서귀포시,차량단독,공작물충돌,31,2,39,17,15,7
제주,서귀포시,차량단독,주/정차차량 충돌,2,0,2,1,1,0
제주,서귀포시,차량단독,도로이탈,3,0,18,2,6,10
제주,서귀포시,차량단독,기타,38,0,46,22,8,16
대구,중구,차대사람,횡단중,146,3,155,49,86,20
대구,중구,차대사람,차도통행중,10,0,10,6,3,1
대구,중구,차대사람,길가장자리구역통행중,38,0,42,11,24,7
대구,중구,차대사람,보도통행중,12,0,16,9,7,0
대구,중구,차대사람,기타,91,1,94,18,64,12
대구,중구,차대차,정면충돌,134,0,222,44,148,30
대구,중구,차대차,측면충돌,390,3,649,145,400,104
대구,중구,차대차,추돌,192,0,329,57,237,35
대구,중구,차대차,기타,112,1,146,32,93,21
대구,중구,차량단독,전도전복,10,0,11,3,5,3
대구,중구,차량단독,공작물충돌,4,0,4,0,0,4
대구,중구,차량단독,기타,11,0,11,5,6,0
대구,동구,차대사람,횡단중,230,9,231,119,101,11
대구,동구,차대사람,차도통행중,25,0,28,7,16,5
대구,동구,차대사람,길가장자리구역통행중,1,0,1,0,1,0
대구,동구,차대사람,보도통행중,11,0,12,5,6,1
대구,동구,차대사람,기타,80,1,83,34,47,2
대구,동구,차대차,정면충돌,92,0,150,42,96,12
대구,동구,차대차,측면충돌,626,6,945,197,661,87
대구,동구,차대차,추돌,331,2,602,103,468,31
대구,동구,차대차,기타,155,1,218,58,146,14
대구,동구,차량단독,전도전복,22,1,34,20,9,5
대구,동구,차량단독,공작물충돌,10,1,11,4,6,1
대구,동구,차량단독,기타,27,0,29,14,12,3
대구,서구,차대사람,횡단중,163,9,164,91,57,16
대구,서구,차대사람,차도통행중,6,0,6,3,2,1
대구,서구,차대사람,길가장자리구역통행중,24,0,26,7,15,4
대구,서구,차대사람,보도통행중,8,0,8,3,4,1
대구,서구,차대사람,기타,60,1,60,26,30,4
대구,서구,차대차,정면충돌,125,1,203,54,137,12
대구,서구,차대차,측면충돌,563,2,822,189,543,90
대구,서구,차대차,추돌,202,0,366,43,298,25
대구,서구,차대차,기타,121,0,158,38,97,23
대구,서구,차량단독,전도전복,25,1,28,7,13,8
대구,서구,차량단독,공작물충돌,5,1,4,0,2,2
대구,서구,차량단독,기타,21,0,21,9,9,3
대구,남구,차대사람,횡단중,134,7,139,71,57,11
대구,남구,차대사람,차도통행중,6,0,6,2,4,0
대구,남구,차대사람,길가장자리구역통행중,18,0,19,8,10,1
대구,남구,차대사람,보도통행중,1,0,1,0,1,0
대구,남구,차대사람,기타,52,1,53,15,36,2
대구,남구,차대차,정면충돌,119,1,190,38,131,21
대구,남구,차대차,측면충돌,221,0,323,84,207,32
대구,남구,차대차,추돌,117,2,222,33,172,17
대구,남구,차대차,기타,161,0,231,39,169,23
대구,남구,차량단독,전도전복,11,0,18,5,10,3
대구,남구,차량단독,공작물충돌,9,0,11,3,6,2
대구,남구,차량단독,기타,10,0,13,6,6,1
대구,북구,차대사람,횡단중,268,8,282,151,117,14
대구,북구,차대사람,차도통행중,18,1,18,12,6,0
대구,북구,차대사람,길가장자리구역통행중,32,2,31,11,18,2
대구,북구,차대사람,보도통행중,23,1,27,10,16,1
대구,북구,차대사람,기타,114,4,117,40,70,7
대구,북구,차대차,정면충돌,51,1,84,23,60,1
대구,북구,차대차,측면충돌,1026,7,1523,306,1095,122
대구,북구,차대차,추돌,403,4,777,137,603,37
대구,북구,차대차,기타,292,0,381,75,262,44
대구,북구,차량단독,전도전복,33,1,35,6,21,8
대구,북구,차량단독,공작물충돌,15,1,17,6,10,1
대구,북구,차량단독,기타,23,0,34,7,16,11
대구,수성구,차대사람,횡단중,205,10,210,125,81,4
대구,수성구,차대사람,차도통행중,8,1,7,1,5,1
대구,수성구,차대사람,길가장자리구역통행중,65,0,70,17,51,2
대구,수성구,차대사람,보도통행중,16,0,17,7,8,2
대구,수성구,차대사람,기타,99,1,100,39,52,9
대구,수성구,차대차,정면충돌,150,0,227,55,155,17
대구,수성구,차대차,측면충돌,789,4,1207,271,803,133
대구,수성구,차대차,추돌,377,5,629,123,464,42
대구,수성구,차대차,기타,198,0,266,59,167,40
대구,수성구,차량단독,전도전복,37,6,38,15,7,16
대구,수성구,차량단독,공작물충돌,11,0,18,6,9,3
대구,수성구,차량단독,기타,16,0,21,9,10,2
대구,달서구,차대사람,횡단중,502,8,524,215,284,25
대구,달서구,차대사람,차도통행중,10,0,10,2,6,2
대구,달서구,차대사람,길가장자리구역통행중,9,0,10,1,9,0
대구,달서구,차대사람,보도통행중,18,0,20,8,10,2
대구,달서구,차대사람,기타,139,0,141,44,87,10
대구,달서구,차대차,정면충돌,66,1,97,19,75,3
대구,달서구,차대차,측면충돌,1219,11,1880,343,1424,113
대구,달서구,차대차,추돌,558,1,921,116,773,32
대구,달서구,차대차,기타,506,3,689,121,474,94
대구,달서구,차량단독,전도전복,26,0,30,13,12,5
대구,달서구,차량단독,공작물충돌,12,0,14,5,7,2
대구,달서구,차량단독,주/정차차량 충돌,2,0,2,1,0,1
대구,달서구,차량단독,기타,22,1,24,8,10,6
대구,달성군,차대사람,횡단중,108,8,114,59,50,5
대구,달성군,차대사람,차도통행중,7,0,8,4,4,0
대구,달성군,차대사람,길가장자리구역통행중,9,0,10,6,3,1
대구,달성군,차대사람,보도통행중,3,0,3,0,3,0
대구,달성군,차대사람,기타,26,1,29,9,17,3
대구,달성군,차대차,정면충돌,81,0,141,32,108,1
대구,달성군,차대차,측면충돌,317,3,496,174,309,13
대구,달성군,차대차,추돌,135,5,229,61,159,9
대구,달성군,차대차,기타,66,0,83,31,52,0
대구,달성군,차량단독,전도전복,29,9,24,13,10,1
대구,달성군,차량단독,공작물충돌,8,1,10,2,8,0
대구,달성군,차량단독,기타,9,0,9,5,4,0
인천,중구,차대사람,횡단중,53,1,58,27,30,1
인천,중구,차대사람,차도통행중,6,0,6,4,2,0
인천,중구,차대사람,보도통행중,2,0,2,2,0,0
인천,중구,차대사람,기타,34,0,38,12,22,4
인천,중구,차대차,정면충돌,43,0,80,27,50,3
인천,중구,차대차,측면충돌,146,1,302,58,224,20
인천,중구,차대차,추돌,63,3,136,35,91,10
인천,중구,차대차,기타,61,0,92,27,60,5
인천,중구,차량단독,전도전복,9,0,13,4,2,7
인천,중구,차량단독,공작물충돌,9,0,11,4,4,3
인천,중구,차량단독,도로이탈,1,0,1,1,0,0
인천,중구,차량단독,기타,3,0,4,1,3,0
인천,동구,차대사람,횡단중,26,2,26,15,11,0
인천,동구,차대사람,차도통행중,1,0,1,1,0,0
인천,동구,차대사람,길가장자리구역통행중,1,0,1,0,0,1
인천,동구,차대사람,보도통행중,1,0,1,1,0,0
인천,동구,차대사람,기타,12,1,12,8,4,0
인천,동구,차대차,정면충돌,9,0,23,4,15,4
인천,동구,차대차,측면충돌,31,0,72,9,57,6
인천,동구,차대차,추돌,22,1,39,6,31,2
인천,동구,차대차,기타,30,0,50,22,24,4
인천,동구,차량단독,전도전복,2,1,1,0,1,0
인천,동구,차량단독,공작물충돌,2,0,2,0,2,0
인천,동구,차량단독,기타,3,0,4,1,3,0
인천,남구,차대사람,횡단중,185,10,186,95,90,1
인천,남구,차대사람,차도통행중,23,1,22,9,12,1
인천,남구,차대사람,길가장자리구역통행중,25,0,25,6,17,2
인천,남구,차대사람,보도통행중,16,1,16,4,11,1
인천,남구,차대사람,기타,99,3,101,33,60,8
인천,남구,차대차,정면충돌,44,0,66,17,47,2
인천,남구,차대차,측면충돌,325,2,540,102,409,29
인천,남구,차대차,추돌,280,4,504,54,425,25
인천,남구,차대차,기타,194,1,276,41,205,30
인천,남구,차량단독,전도전복,2,0,2,1,1,0
인천,남구,차량단독,공작물충돌,4,0,4,3,1,0
인천,남구,차량단독,기타,18,0,18,7,10,1
인천,부평구,차대사람,횡단중,178,1,190,104,81,5
인천,부평구,차대사람,차도통행중,17,0,18,9,7,2
인천,부평구,차대사람,길가장자리구역통행중,46,0,46,15,28,3
인천,부평구,차대사람,보도통행중,15,0,15,8,6,1
인천,부평구,차대사람,기타,146,3,157,54,95,8
인천,부평구,차대차,정면충돌,60,1,98,27,68,3
인천,부평구,차대차,측면충돌,428,4,634,135,468,31
인천,부평구,차대차,추돌,327,2,587,98,483,6
인천,부평구,차대차,기타,227,1,342,66,263,13
인천,부평구,차량단독,전도전복,4,0,7,3,4,0
인천,부평구,차량단독,공작물충돌,7,0,12,3,9,0
인천,부평구,차량단독,기타,19,0,21,8,11,2
인천,남동구,차대사람,횡단중,225,8,228,134,87,7
인천,남동구,차대사람,차도통행중,20,1,20,15,5,0
인천,남동구,차대사람,길가장자리구역통행중,73,0,77,15,56,6
인천,남동구,차대사람,보도통행중,27,1,26,11,13,2
인천,남동구,차대사람,기타,94,1,109,24,72,13
인천,남동구,차대차,정면충돌,97,3,153,56,96,1
인천,남동구,차대차,측면충돌,765,6,1209,224,953,32
인천,남동구,차대차,추돌,452,3,794,118,659,17
인천,남동구,차대차,기타,128,0,198,38,154,6
인천,남동구,차량단독,전도전복,10,0,12,5,6,1
인천,남동구,차량단독,공작물충돌,12,2,11,6,4,1
인천,남동구,차량단독,도로이탈,1,0,1,0,1,0
인천,남동구,차량단독,기타,22,0,22,6,15,1
인천,서구,차대사람,횡단중,183,8,187,102,78,7
인천,서구,차대사람,차도통행중,32,0,33,13,19,1
인천,서구,차대사람,길가장자리구역통행중,31,0,31,5,26,0
인천,서구,차대사람,보도통행중,18,2,17,4,12,1
인천,서구,차대사람,기타,91,3,96,28,62,6
인천,서구,차대차,정면충돌,82,2,136,40,94,2
인천,서구,차대차,측면충돌,448,1,718,145,553,20
인천,서구,차대차,추돌,202,0,374,72,279,23
인천,서구,차대차,기타,336,5,537,104,414,19
인천,서구,차량단독,전도전복,15,1,17,8,6,3
인천,서구,차량단독,공작물충돌,8,6,7,2,5,0
인천,서구,차량단독,기타,26,0,28,12,15,1
인천,연수구,차대사람,횡단중,97,3,101,54,45,2
인천,연수구,차대사람,차도통행중,9,1,8,4,4,0
인천,연수구,차대사람,길가장자리구역통행중,12,0,15,3,11,1
인천,연수구,차대사람,보도통행중,6,1,6,3,3,0
인천,연수구,차대사람,기타,60,1,62,33,25,4
인천,연수구,차대차,정면충돌,27,0,52,20,30,2
인천,연수구,차대차,측면충돌,153,2,236,78,154,4
인천,연수구,차대차,추돌,132,3,238,47,185,6
인천,연수구,차대차,기타,159,3,226,82,137,7
인천,연수구,차량단독,전도전복,2,0,3,2,1,0
인천,연수구,차량단독,공작물충돌,7,1,7,4,2,1
인천,연수구,차량단독,도로이탈,2,0,5,2,3,0
인천,연수구,차량단독,기타,16,1,16,9,5,2
인천,계양구,차대사람,횡단중,128,5,128,77,44,7
인천,계양구,차대사람,차도통행중,30,0,30,11,16,3
인천,계양구,차대사람,길가장자리구역통행중,6,0,6,2,4,0
인천,계양구,차대사람,보도통행중,7,0,8,3,4,1
인천,계양구,차대사람,기타,70,2,71,22,43,6
인천,계양구,차대차,정면충돌,61,0,105,35,57,13
인천,계양구,차대차,측면충돌,328,0,498,127,334,37
인천,계양구,차대차,추돌,179,0,314,51,253,10
인천,계양구,차대차,기타,104,1,176,34,130,12
인천,계양구,차량단독,전도전복,3,0,3,1,2,0
인천,계양구,차량단독,공작물충돌,8,1,12,6,6,0
인천,계양구,차량단독,기타,23,0,23,8,13,2
인천,강화군,차대사람,횡단중,9,1,8,7,1,0
인천,강화군,차대사람,차도통행중,9,3,8,5,3,0
인천,강화군,차대사람,길가장자리구역통행중,9,1,8,4,4,0
인천,강화군,차대사람,보도통행중,1,1,0,0,0,0
인천,강화군,차대사람,기타,8,0,10,5,5,0
인천,강화군,차대차,정면충돌,37,2,70,27,43,0
인천,강화군,차대차,측면충돌,78,4,108,41,64,3
인천,강화군,차대차,추돌,33,2,70,21,48,1
인천,강화군,차대차,기타,17,0,31,4,21,6
인천,강화군,차량단독,전도전복,8,1,9,6,3,0
인천,강화군,차량단독,공작물충돌,1,0,2,1,0,1
인천,옹진군,차대사람,횡단중,1,1,0,0,0,0
인천,옹진군,차대사람,차도통행중,1,0,1,0,1,0
인천,옹진군,차대사람,길가장자리구역통행중,4,1,5,1,4,0
인천,옹진군,차대사람,기타,4,0,4,2,2,0
인천,옹진군,차대차,정면충돌,5,1,7,2,4,1
인천,옹진군,차대차,측면충돌,12,0,28,5,20,3
인천,옹진군,차대차,추돌,3,0,4,1,2,1
인천,옹진군,차대차,기타,3,1,2,0,2,0
인천,옹진군,차량단독,전도전복,6,3,8,8,0,0
광주,동구,차대사람,횡단중,75,2,79,37,42,0
광주,동구,차대사람,차도통행중,14,0,14,4,10,0
광주,동구,차대사람,길가장자리구역통행중,5,0,5,1,4,0
광주,동구,차대사람,보도통행중,3,0,3,1,2,0
광주,동구,차대사람,기타,42,0,49,10,36,3
광주,동구,차대차,정면충돌,14,1,31,8,23,0
광주,동구,차대차,측면충돌,179,1,317,47,257,13
광주,동구,차대차,추돌,68,0,147,6,136,5
광주,동구,차대차,기타,52,3,78,12,65,1
광주,동구,차량단독,전도전복,7,0,9,1,7,1
광주,동구,차량단독,공작물충돌,6,0,10,4,4,2
광주,동구,차량단독,도로이탈,1,1,0,0,0,0
광주,동구,차량단독,기타,8,0,8,1,6,1
광주,서구,차대사람,횡단중,238,7,249,106,135,8
광주,서구,차대사람,차도통행중,23,1,23,3,18,2
광주,서구,차대사람,길가장자리구역통행중,31,0,32,6,25,1
광주,서구,차대사람,보도통행중,10,0,11,5,6,0
광주,서구,차대사람,기타,68,1,68,21,46,1
광주,서구,차대차,정면충돌,215,0,464,48,396,20
광주,서구,차대차,측면충돌,640,3,1165,94,1042,29
광주,서구,차대차,추돌,454,2,872,37,814,21
광주,서구,차대차,기타,201,2,320,31,279,10
광주,서구,차량단독,전도전복,10,1,12,7,3,2
광주,서구,차량단독,공작물충돌,7,0,9,1,8,0
광주,서구,차량단독,도로이탈,1,0,1,0,0,1
광주,서구,차량단독,기타,26,1,29,6,21,2
광주,북구,차대사람,횡단중,408,7,431,134,279,18
광주,북구,차대사람,차도통행중,19,0,19,3,15,1
광주,북구,차대사람,길가장자리구역통행중,15,0,15,1,14,0
광주,북구,차대사람,보도통행중,8,0,8,1,7,0
광주,북구,차대사람,기타,91,0,94,23,65,6
광주,북구,차대차,정면충돌,153,0,290,43,241,6
광주,북구,차대차,측면충돌,821,3,1500,156,1289,55
광주,북구,차대차,추돌,397,3,756,42,700,14
광주,북구,차대차,기타,192,1,279,27,246,6
광주,북구,차량단독,전도전복,33,3,43,10,26,7
광주,북구,차량단독,공작물충돌,16,1,24,6,17,1
광주,북구,차량단독,도로이탈,1,0,2,0,2,0
광주,북구,차량단독,기타,24,0,29,7,20,2
광주,광산구,차대사람,횡단중,262,11,271,95,168,8
광주,광산구,차대사람,차도통행중,14,1,14,5,9,0
광주,광산구,차대사람,길가장자리구역통행중,19,0,19,7,10,2
광주,광산구,차대사람,보도통행중,9,1,11,5,5,1
광주,광산구,차대사람,기타,41,2,41,10,31,0
광주,광산구,차대차,정면충돌,189,2,366,51,311,4
광주,광산구,차대차,측면충돌,783,4,1378,167,1160,51
광주,광산구,차대차,추돌,458,4,889,64,799,26
광주,광산구,차대차,기타,101,2,125,11,112,2
광주,광산구,차량단독,전도전복,44,1,60,20,30,10
광주,광산구,차량단독,공작물충돌,19,2,27,12,13,2
광주,광산구,차량단독,주/정차차량 충돌,1,0,3,0,3,0
광주,광산구,차량단독,도로이탈,1,0,1,0,0,1
광주,광산구,차량단독,기타,18,1,18,3,13,2
광주,남구,차대사람,횡단중,134,5,132,59,67,6
광주,남구,차대사람,차도통행중,13,0,14,2,11,1
광주,남구,차대사람,길가장자리구역통행중,26,0,26,4,20,2
광주,남구,차대사람,보도통행중,9,1,8,3,4,1
광주,남구,차대사람,기타,48,1,48,13,34,1
광주,남구,차대차,정면충돌,63,0,128,15,107,6
광주,남구,차대차,측면충돌,303,0,518,51,449,18
광주,남구,차대차,추돌,139,0,267,7,251,9
광주,남구,차대차,기타,68,0,89,8,74,7
광주,남구,차량단독,전도전복,4,1,3,3,0,0
광주,남구,차량단독,공작물충돌,2,0,3,2,0,1
광주,남구,차량단독,기타,10,2,12,4,8,0
대전,동구,차대사람,횡단중,187,8,191,94,96,1
대전,동구,차대사람,차도통행중,4,0,5,1,4,0
대전,동구,차대사람,길가장자리구역통행중,17,0,17,4,13,0
대전,동구,차대사람,보도통행중,11,0,12,4,7,1
대전,동구,차대사람,기타,56,1,61,30,31,0
대전,동구,차대차,정면충돌,70,1,132,33,98,1
대전,동구,차대차,측면충돌,386,6,611,120,468,23
대전,동구,차대차,추돌,233,1,406,44,354,8
대전,동구,차대차,기타,71,0,96,17,75,4
대전,동구,차량단독,전도전복,12,1,13,4,9,0
대전,동구,차량단독,공작물충돌,1,0,1,1,0,0
대전,동구,차량단독,기타,31,1,32,10,21,1
대전,중구,차대사람,횡단중,233,6,239,145,92,2
대전,중구,차대사람,차도통행중,17,0,18,6,11,1
대전,중구,차대사람,길가장자리구역통행중,26,0,26,12,12,2
대전,중구,차대사람,보도통행중,5,0,5,1,4,0
대전,중구,차대사람,기타,45,0,46,13,32,1
대전,중구,차대차,정면충돌,74,0,125,36,89,0
대전,중구,차대차,측면충돌,496,5,801,170,620,11
대전,중구,차대차,추돌,306,0,555,44,502,9
대전,중구,차대차,기타,52,1,73,18,55,0
대전,중구,차량단독,전도전복,3,0,4,0,4,0
대전,중구,차량단독,공작물충돌,6,0,6,4,2,0
대전,중구,차량단독,주/정차차량 충돌,1,0,1,1,0,0
대전,중구,차량단독,기타,49,0,50,23,27,0
대전,서구,차대사람,횡단중,330,7,343,145,189,9
대전,서구,차대사람,차도통행중,39,0,41,10,30,1
대전,서구,차대사람,길가장자리구역통행중,70,0,72,14,55,3
대전,서구,차대사람,보도통행중,19,0,22,8,14,0
대전,서구,차대사람,기타,95,2,101,17,82,2
대전,서구,차대차,정면충돌,97,1,183,36,143,4
대전,서구,차대차,측면충돌,712,3,1109,201,872,36
대전,서구,차대차,추돌,644,2,1167,115,1017,35
대전,서구,차대차,기타,239,2,344,61,269,14
대전,서구,차량단독,전도전복,10,0,10,6,4,0
대전,서구,차량단독,공작물충돌,6,0,7,4,3,0
대전,서구,차량단독,도로이탈,1,0,1,1,0,0
대전,서구,차량단독,기타,41,0,41,18,23,0
대전,유성구,차대사람,횡단중,154,7,154,60,89,5
대전,유성구,차대사람,차도통행중,12,0,12,4,6,2
대전,유성구,차대사람,길가장자리구역통행중,22,0,22,3,15,4
대전,유성구,차대사람,보도통행중,6,0,6,5,1,0
대전,유성구,차대사람,기타,54,1,59,16,41,2
대전,유성구,차대차,정면충돌,80,6,142,43,97,2
대전,유성구,차대차,측면충돌,648,2,1103,211,839,53
대전,유성구,차대차,추돌,443,1,838,81,705,52
대전,유성구,차대차,기타,329,2,511,83,405,23
대전,유성구,차량단독,전도전복,20,1,20,12,7,1
대전,유성구,차량단독,공작물충돌,11,1,17,8,8,1
대전,유성구,차량단독,도로이탈,1,0,1,0,1,0
대전,유성구,차량단독,기타,35,0,37,17,16,4
대전,대덕구,차대사람,횡단중,124,9,120,61,56,3
대전,대덕구,차대사람,차도통행중,20,0,21,11,8,2
대전,대덕구,차대사람,길가장자리구역통행중,27,1,26,1,20,5
대전,대덕구,차대사람,보도통행중,9,0,9,4,4,1
대전,대덕구,차대사람,기타,64,6,60,23,32,5
대전,대덕구,차대차,정면충돌,50,0,90,20,67,3
대전,대덕구,차대차,측면충돌,293,3,403,62,334,7
대전,대덕구,차대차,추돌,319,3,495,68,397,30
대전,대덕구,차대차,기타,81,6,140,45,87,8
대전,대덕구,차량단독,전도전복,20,2,23,8,9,6
대전,대덕구,차량단독,공작물충돌,5,0,18,4,13,1
대전,대덕구,차량단독,기타,13,0,21,6,15,0
울산,중구,차대사람,횡단중,145,6,148,87,57,4
울산,중구,차대사람,차도통행중,14,0,16,7,9,0
울산,중구,차대사람,길가장자리구역통행중,20,0,21,5,15,1
울산,중구,차대사람,보도통행중,8,0,8,5,3,0
울산,중구,차대사람,기타,61,1,64,24,37,3
울산,중구,차대차,정면충돌,56,1,100,41,52,7
울산,중구,차대차,측면충돌,338,2,503,140,305,58
울산,중구,차대차,추돌,152,1,349,85,241,23
울산,중구,차대차,기타,131,0,206,46,128,32
울산,중구,차량단독,전도전복,20,1,21,8,6,7
울산,중구,차량단독,공작물충돌,12,1,19,6,10,3
울산,중구,차량단독,도로이탈,1,0,1,1,0,0
울산,중구,차량단독,기타,12,0,12,7,5,0
울산,남구,차대사람,횡단중,261,7,271,133,124,14
울산,남구,차대사람,차도통행중,11,1,11,2,8,1
울산,남구,차대사람,길가장자리구역통행중,13,0,13,4,7,2
울산,남구,차대사람,보도통행중,12,0,13,7,5,1
울산,남구,차대사람,기타,102,2,105,43,55,7
울산,남구,차대차,정면충돌,15,1,22,6,15,1
울산,남구,차대차,측면충돌,564,4,891,251,594,46
울산,남구,차대차,추돌,253,2,474,94,365,15
울산,남구,차대차,기타,159,1,221,63,142,16
울산,남구,차량단독,전도전복,20,4,18,9,8,1
울산,남구,차량단독,공작물충돌,9,1,11,6,3,2
울산,남구,차량단독,기타,12,0,13,7,5,1
울산,동구,차대사람,횡단중,88,0,95,41,53,1
울산,동구,차대사람,차도통행중,3,0,3,0,3,0
울산,동구,차대사람,길가장자리구역통행중,5,0,5,2,3,0
울산,동구,차대사람,보도통행중,6,0,7,2,5,0
울산,동구,차대사람,기타,49,0,50,19,30,1
울산,동구,차대차,정면충돌,55,0,84,36,48,0
울산,동구,차대차,측면충돌,130,0,186,59,125,2
울산,동구,차대차,추돌,62,0,125,27,98,0
울산,동구,차대차,기타,59,1,73,18,53,2
울산,동구,차량단독,전도전복,12,0,14,5,9,0
울산,동구,차량단독,공작물충돌,2,1,1,0,1,0
울산,동구,차량단독,기타,2,0,2,2,0,0
울산,북구,차대사람,횡단중,84,2,91,46,44,1
울산,북구,차대사람,차도통행중,8,1,7,1,6,0
울산,북구,차대사람,길가장자리구역통행중,8,1,7,3,4,0
울산,북구,차대사람,보도통행중,4,0,4,2,2,0
울산,북구,차대사람,기타,33,0,35,15,19,1
울산,북구,차대차,정면충돌,54,0,90,44,43,3
울산,북구,차대차,측면충돌,212,3,332,108,202,22
울산,북구,차대차,추돌,149,1,299,55,214,30
울산,북구,차대차,기타,97,0,136,24,95,17
울산,북구,차량단독,전도전복,23,0,26,8,8,10
울산,북구,차량단독,공작물충돌,9,1,19,11,6,2
울산,북구,차량단독,기타,13,0,13,7,4,2
울산,울주군,차대사람,횡단중,109,6,111,47,47,17
울산,울주군,차대사람,차도통행중,8,2,6,6,0,0
울산,울주군,차대사람,길가장자리구역통행중,18,0,19,5,10,4
울산,울주군,차대사람,보도통행중,2,1,1,0,1,0
울산,울주군,차대사람,기타,36,1,40,17,17,6
울산,울주군,차대차,정면충돌,128,1,253,70,153,30
울산,울주군,차대차,측면충돌,277,3,455,110,267,78
울산,울주군,차대차,추돌,202,2,431,102,274,55
울산,울주군,차대차,기타,64,0,81,18,56,7
울산,울주군,차량단독,전도전복,67,7,82,28,22,32
울산,울주군,차량단독,공작물충돌,6,1,5,3,2,0
울산,울주군,차량단독,주/정차차량 충돌,1,0,1,0,1,0
울산,울주군,차량단독,도로이탈,2,0,3,1,2,0
울산,울주군,차량단독,기타,8,10,17,10,7,0
세종,세종,차대사람,횡단중,58,2,58,27,30,1
세종,세종,차대사람,차도통행중,1,0,1,0,1,0
세종,세종,차대사람,길가장자리구역통행중,5,0,6,2,3,1
세종,세종,차대사람,보도통행중,3,1,2,1,1,0
세종,세종,차대사람,기타,25,7,22,6,14,2
세종,세종,차대차,정면충돌,43,0,75,28,43,4
세종,세종,차대차,측면충돌,195,4,322,81,224,17
세종,세종,차대차,추돌,121,4,224,50,169,5
세종,세종,차대차,기타,40,3,52,13,34,5
세종,세종,차량단독,전도전복,17,3,16,12,2,2
세종,세종,차량단독,공작물충돌,8,0,8,2,3,3
세종,세종,차량단독,도로이탈,1,0,1,1,0,0
세종,세종,차량단독,기타,4,1,5,2,1,2
